timestamp|gaze_x|gaze_y|gaze_y_abs|fixation_id|scroll_y|paragraph_id
0.0|618.414405261379|829.744383686939|829.744383686939|0.0|1.0|-2
0.012058158386622043|619.014406107772|828.9460161032|828.9460161032|0.0|1.0|-2
0.024116316773244086|617.217565171826|829.031395070308|829.031395070308|0.0|1.0|-2
0.03617447515986613|615.950691435247|830.1443936477821|830.1443936477821|0.0|1.0|-2
0.04823263354648817|614.683817698668|831.257392225256|831.257392225256|0.0|1.0|-2
0.06029079193311021|618.381746765293|833.351767799606|833.351767799606|0.0|1.0|-2
0.07234895031973226|619.3400437824565|833.628754995039|833.628754995039|0.0|1.0|-2
0.0844071087063543|620.29834079962|833.905742190472|833.905742190472|0.0|1.0|-2
0.09646526709297634|620.005227554824|835.089552670393|835.089552670393|0.0|1.0|-2
0.10852342547959838|619.699957781016|835.705324003099|835.705324003099|0.0|1.0|-2
0.12058158386622042|621.611746112993|834.487031021996|834.487031021996|0.0|1.0|-2
0.13263974225284247|621.663463538218|834.327365628623|834.327365628623|0.0|1.0|-2
0.14469790063946453|622.7320662127701|834.247659015918|834.247659015918|0.0|1.0|-2
0.15675605902608655|623.800668887322|834.167952403213|834.167952403213|0.0|1.0|-2
0.1688142174127086|699.098699374594|841.3051240636515|841.3051240636515||1.0|-2
0.18087237579933063|774.396729861866|848.44229572409|848.44229572409|1.0|1.0|0
0.19293053418595268|778.0495729611071|850.382506110332|850.382506110332|1.0|1.0|0
0.20498869257257474|781.702416060348|852.322716496574|852.322716496574|1.0|1.0|0
0.21704685095919676|786.845619270275|853.332729734699|853.332729734699|1.0|1.0|0
0.22910500934581882|789.855441251714|854.626125010426|854.626125010426|1.0|1.0|0
0.24116316773244084|794.7832094445|856.974846600803|856.974846600803|1.0|1.0|0
0.2532213261190629|796.174857193415|860.481212997002|860.481212997002|1.0|1.0|0
0.26527948450568495|795.6980975726195|861.7469455917425|861.7469455917425|1.0|1.0|0
0.277337642892307|795.221337951824|863.012678186483|863.012678186483|1.0|1.0|0
0.28939580127892905|796.303918812905|866.232961385502|866.232961385502|1.0|1.0|0
0.30145395966555105|794.137079659344|868.0945323677159|868.0945323677159|1.0|1.0|0
0.3135121180521731|791.970240505783|869.95610334993|869.95610334993|1.0|1.0|0
0.32557027643879516|791.346747787492|871.353330475523|871.353330475523|1.0|1.0|0
0.3376284348254172|791.509251875458|871.123317353077|871.123317353077|1.0|1.0|0
0.34968659321203927|795.735452099286|872.146826878294|872.146826878294|1.0|1.0|0
0.36174475159866126|961.34253528281|906.485509580735|906.485509580735||1.0|0
0.3738029099852833|1252.03951332784|970.188158207711|970.188158207711||1.0|0
0.38586106837190537|1291.96814128738|978.311946765578|978.311946765578||1.0|0
0.3979192267585274|1342.07180341214|987.494956058955|987.494956058955||1.0|0
0.4099773851451495|1353.051658242465|989.668929558013|989.668929558013||1.0|0
0.4220355435317715|1364.03151307279|991.842903057071|991.842903057071||1.0|0
0.4340937019183935|1354.45695987333|990.893894138128|990.893894138128||1.0|0
0.4461518603050156|1347.49545391036|989.383277989789|989.383277989789||1.0|0
0.45821001869163763|1339.2921089565|987.645148849525|987.645148849525||1.0|0
0.4702681770782597|1326.95649212359|986.982266304036|986.982266304036||1.0|0
0.4823263354648817|1313.44026206833|988.195396595089|988.195396595089||1.0|0
0.49438449385150374|1305.91234680337|988.361711169821|988.361711169821||1.0|0
0.5064426522381258|1293.36841977949|986.284194507169|986.284194507169||1.0|0
0.5185008106247478|1273.43470174354|982.580744131446|982.580744131446||1.0|0
0.5305589690113699|1263.65301508598|982.419805739996|982.419805739996||1.0|0
0.542617127397992|1255.10456181669|984.123978258424|984.123978258424||1.0|0
0.554675285784614|1248.18601009441|984.9649663086429|984.9649663086429||1.0|0
0.5667334441712361|1244.181731006945|984.6750977893289|984.6750977893289||1.0|0
0.5787916025578581|1240.17745191948|984.385229270015|984.385229270015||1.0|0
0.59084976094448|1241.77520708268|979.76374928142|979.76374928142||1.0|0
0.6029079193311021|1268.19276192126|929.8784791587129|929.8784791587129||1.0|0
0.6149660777177242|1241.83622206174|962.0837425185787|962.0837425185787||1.0|0
0.6270242361043462|1215.47968220222|994.2890058784444|994.2890058784444||1.0|0
0.6390823944909683|1189.1231423427|1026.4942692383102|1026.4942692383102||1.0|0
0.6511405528775903|1162.76660248318|1058.699532598176|1058.699532598176||1.0|0
0.6631987112642124|1136.41006262366|1090.9047959580416|1090.9047959580416||1.0|0
0.6752568696508344|1110.0535227641399|1123.1100593179074|1123.1100593179074||1.0|0
0.6873150280374565|1083.69698290462|1155.315322677773|1155.315322677773||1.0|0
0.6993731864240785|979.116588529188|1229.277565839254|1229.277565839254||1.0|0
0.7114313448107005|978.071429570961|1268.3136794170591|1268.3136794170591||1.0|0
0.7234895031973225|968.287562213613|1260.353731414454|1260.353731414454||1.0|0
0.7355476615839446|1013.27613299971|1319.292728230663|1319.292728230663||1.0|0
0.7476058199705666|1024.58822560844|1371.9652587144385|1371.9652587144385|2.0|1.0|0
0.7596639783571887|1024.0335173386052|1361.3172371101346|1361.3172371101346|2.0|1.0|0
0.7717221367438107|1023.47880906877|1350.6692155058306|1350.6692155058306|2.0|1.0|0
0.7837802951304328|1021.11529835614|1353.0346901437274|1353.0346901437274|2.0|1.0|0
0.7958384535170548|1022.0225862630133|1351.485513182927|1351.485513182927|2.0|1.0|0
0.8078966119036769|1022.9298741698867|1349.9363362221263|1349.9363362221263|2.0|1.0|0
0.819954770290299|1023.83716207676|1348.387159261326|1348.387159261326|2.0|1.0|0
0.832012928676921|1025.34307078497|1342.3420875346098|1342.3420875346098|2.0|1.0|0
0.844071087063543|1017.05984039252|1336.7326489247039|1336.7326489247039|2.0|1.0|0
0.856129245450165|1016.78601876604|1336.474726027915|1336.474726027915|2.0|1.0|0
0.868187403836787|992.134564434355|1335.811411482332|1335.811411482332||1.0|0
0.8802455622234091|992.568091754856|1335.338271321417|1335.338271321417||1.0|0
0.8923037206100312|958.259333067378|1336.11947892149|1336.11947892149||1.0|0
0.9043618789966532|953.844779579911|1336.1647618584211|1336.1647618584211||1.0|0
0.9164200373832753|943.373474305066|1336.1813671377536|1336.1813671377536||1.0|0
0.9284781957698973|932.902169030221|1336.197972417086|1336.197972417086||1.0|0
0.9405363541565194|913.115492098528|1336.4814069237|1336.4814069237||1.0|0
0.9525945125431414|912.4481126692369|1336.1881503704135|1336.1881503704135||1.0|0
0.9646526709297634|911.780733239946|1335.894893817127|1335.894893817127||1.0|0
0.9767108293163854|910.000207119117|1334.705747069393|1334.705747069393||1.0|0
0.9887689877030075|909.972211004492|1334.422146150972|1334.422146150972||1.0|0
1.0008271460896296|909.594171881894|1330.354255296469|1330.354255296469||1.0|0
1.0128853044762516|909.468335054596|1305.985847384379|1305.985847384379||1.0|0
1.0249434628628737|906.008449629015|1268.633060719711|1268.633060719711||1.0|0
1.0370016212494957|904.079547080587|1246.222625905335|1246.222625905335||1.0|0
1.0490597796361176|902.150644532159|1223.812191090959|1223.812191090959||1.0|0
1.0611179380227398|913.91079209456|1246.604670687124|1246.604670687124||1.0|0
1.0731760964093617|913.6783118572855|1245.5770229225427|1245.5770229225427||1.0|0
1.085234254795984|913.445831620011|1244.549375157961|1244.549375157961||1.0|0
1.0972924131826058|918.161124290148|1260.432455944879|1260.432455944879||1.0|0
1.109350571569228|922.9575378723415|1285.9018202711138|1285.9018202711138||1.0|0
1.12140872995585|927.753951454535|1311.371184597348|1311.371184597348||1.0|0
1.1334668883424721|929.010711024008|1331.419269692308|1331.419269692308||1.0|0
1.145525046729094|913.6558236679576|1333.4352993779|1333.4352993779||1.0|0
1.1575832051157162|898.300936311907|1335.451329063492|1335.451329063492||1.0|0
1.1696413635023382|883.142936574337|1336.3216549343151|1336.3216549343151|3.0|1.0|0
1.18169952188896|870.61090466057|1338.514452162478|1338.514452162478|3.0|1.0|0
1.1937576802755823|860.373284539263|1338.056156521429|1338.056156521429|3.0|1.0|0
1.2058158386622042|850.84291115303|1335.872179729952|1335.872179729952|3.0|1.0|0
1.2178739970488264|846.678252596906|1335.3903241459964|1335.3903241459964|3.0|1.0|0
1.2299321554354483|842.513594040782|1334.908468562041|1334.908468562041|3.0|1.0|0
1.2419903138220705|838.914164408702|1334.740442689383|1334.740442689383|3.0|1.0|0
1.2540484722086924|837.453073273401|1335.216043338201|1335.216043338201|3.0|1.0|0
1.2661066305953146|837.855134382168|1335.006511878116|1335.006511878116|3.0|1.0|0
1.2781647889819365|838.694710456131|1333.348307040669|1333.348307040669|3.0|1.0|0
1.2902229473685585|838.5722572967845|1331.49598527199|1331.49598527199|3.0|1.0|0
1.3022811057551806|838.449804137438|1329.643663503311|1329.643663503311|3.0|1.0|0
1.3143392641418026|838.537171355974|1328.118055527042|1328.118055527042|3.0|1.0|0
1.3263974225284247|839.066628606032|1329.399853754722|1329.399853754722|3.0|1.0|0
1.3384555809150467|838.938007551275|1330.386503793249|1330.386503793249|3.0|1.0|0
1.3505137393016688|838.560550389441|1330.626779719461|1330.626779719461|3.0|1.0|0
1.3625718976882908|838.222340334408|1330.895448269279|1330.895448269279|3.0|1.0|0
1.374630056074913|838.036882458413|1330.9562111063042|1330.9562111063042|3.0|1.0|0
1.386688214461535|837.851424582418|1331.016973943329|1331.016973943329|3.0|1.0|0
1.398746372848157|839.025743112444|1331.049945507506|1331.049945507506|3.0|1.0|0
1.410804531234779|838.633777667018|1331.83204968847|1331.83204968847|3.0|1.0|0
1.422862689621401|836.668269145452|1333.16668481504|1333.16668481504|3.0|1.0|0
1.434920848008023|837.343015147341|1333.036671831241|1333.036671831241|3.0|1.0|0
1.446979006394645|849.096563684323|1334.567460387116|1334.567460387116|3.0|1.0|0
1.4590371647812672|916.9965947211297|1346.2007133175298|1346.2007133175298||1.0|0
1.4710953231678892|984.896625757935|1357.8339662479434|1357.8339662479434|4.0|1.0|0
1.4831534815545113|988.373578342925|1357.4025403012047|1357.4025403012047|4.0|1.0|0
1.4952116399411333|990.734439425016|1357.5140039471662|1357.5140039471662|4.0|1.0|0
1.5072697983277554|994.62578067385|1358.6424229900524|1358.6424229900524|4.0|1.0|0
1.5193279567143774|994.647960107237|1358.032029089876|1358.032029089876|4.0|1.0|0
1.5313861151009995|994.623826561118|1357.9915093805675|1357.9915093805675|4.0|1.0|0
1.5434442734876215|994.897186470033|1356.744352458492|1356.744352458492|4.0|1.0|0
1.5555024318742434|993.836413639806|1357.7374801410176|1357.7374801410176|4.0|1.0|0
1.5675605902608656|993.568253654541|1357.6428823567187|1357.6428823567187|4.0|1.0|0
1.5796187486474875|993.370143572178|1359.0202980196736|1359.0202980196736|4.0|1.0|0
1.5916769070341097|991.568464514911|1364.1741236087514|1364.1741236087514|4.0|1.0|0
1.6037350654207316|991.003133535311|1369.2176108650438|1369.2176108650438|4.0|1.0|0
1.6157932238073538|991.482575392887|1370.2521465567888|1370.2521465567888|4.0|1.0|0
1.6278513821939757|991.962017250463|1371.2866822485337|1371.2866822485337|4.0|1.0|0
1.639909540580598|991.642835347624|1372.3557058120018|1372.3557058120018|4.0|1.0|0
1.6519676989672198|991.730125004089|1372.9542485619345|1372.9542485619345|4.0|1.0|0
1.664025857353842|990.031378774323|1373.8326811896627|1373.8326811896627|4.0|1.0|0
1.676084015740464|989.529087166172|1377.0213182481175|1377.0213182481175|4.0|1.0|0
1.688142174127086|990.411989076508|1375.5771075460473|1375.5771075460473|4.0|1.0|0
1.700200332513708|1030.60275857757|1383.4511453290563|1383.4511453290563||1.0|0
1.71225849090033|1093.30669738274|1397.0344481967443|1397.0344481967443||1.0|0
1.7243166492869522|1125.27910015537|1404.9450814191275|1404.9450814191275|5.0|1.0|0
1.736374807673574|1133.94891704714|1405.3522913716124|1405.3522913716124|5.0|1.0|0
1.7484329660601963|1138.77885069951|1405.5612503849215|1405.5612503849215|5.0|1.0|0
1.7604911244468182|1146.69277896083|1406.7349596002523|1406.7349596002523|5.0|1.0|0
1.7725492828334404|1151.1275187380702|1408.7878276078268|1408.7878276078268|5.0|1.0|0
1.7846074412200623|1155.56225851531|1410.840695615401|1410.840695615401|5.0|1.0|0
1.7966655996066845|1155.5176704296|1411.382509672766|1411.382509672766|5.0|1.0|0
1.8087237579933064|1154.90932327994|1409.7723040054314|1409.7723040054314|5.0|1.0|0
1.8207819163799284|1154.42672548655|1409.7262183724924|1409.7262183724924|5.0|1.0|0
1.8328400747665505|1154.64749963001|1409.1481182724785|1409.1481182724785|5.0|1.0|0
1.8448982331531725|1155.38872013036|1410.1349080166137|1410.1349080166137|5.0|1.0|0
1.8569563915397946|1156.12994063071|1411.121697760749|1411.121697760749|5.0|1.0|0
1.8690145499264166|1158.38220276152|1409.9169428843297|1409.9169428843297|5.0|1.0|0
1.8810727083130387|1167.67144403055|1412.8163086104553|1412.8163086104553||1.0|0
1.8931308666996607|1176.96068529958|1415.7156743365806|1415.7156743365806||1.0|0
1.9051890250862829|1216.77455992587|1416.0162952825629|1416.0162952825629||1.0|0
1.9172471834729048|1272.90210215886|1425.351603956712|1425.351603956712|6.0|1.0|0
1.9293053418595267|1279.26352622076|1425.7399299923616|1425.7399299923616|6.0|1.0|0
1.941363500246149|1283.22635404368|1426.0482351275004|1426.0482351275004|6.0|1.0|0
1.9534216586327708|1284.5083381259649|1426.0172567492396|1426.0172567492396|6.0|1.0|0
1.965479817019393|1285.79032220825|1425.9862783709784|1425.9862783709784|6.0|1.0|0
1.977537975406015|1305.33889327161|1429.7639564918818|1429.7639564918818|6.0|1.0|0
1.9895961337926371|1310.68965376487|1429.4436981443357|1429.4436981443357|6.0|1.0|0
2.0016542921792593|1311.25925252408|1429.8127689882617|1429.8127689882617|6.0|1.0|0
2.013712450565881|1309.81904054499|1431.860981241745|1431.860981241745|6.0|1.0|0
2.025770608952503|1309.8045405489167|1433.0782504992405|1433.0782504992405|6.0|1.0|0
2.0378287673391253|1309.7900405528433|1434.295519756736|1434.295519756736|6.0|1.0|0
2.0498869257257475|1309.77554055677|1435.5127890142314|1435.5127890142314|6.0|1.0|0
2.061945084112369|1310.50340213113|1436.5602010926107|1436.5602010926107|6.0|1.0|0
2.0740032424989914|1311.76927134758|1436.8767210894184|1436.8767210894184||1.0|0
2.0860614008856135|1312.798322611695|1436.666352758641|1436.666352758641||1.0|0
2.0981195592722353|1313.82737387581|1436.455984427864|1436.455984427864||1.0|0
2.1101777176588574|1314.39917600536|1437.0502020689669|1437.0502020689669||1.0|0
2.1222358760454796|1322.77632244699|1437.9236225750738|1437.9236225750738||1.0|0
2.1342940344321017|1347.7952136352|1434.9147397017439|1434.9147397017439||1.0|0
2.1463521928187235|1386.3177469068|1416.1008796343913|1416.1008796343913|7.0|1.0|0
2.1584103512053456|1391.22702012385|1412.5881942462881|1412.5881942462881|7.0|1.0|0
2.170468509591968|1393.07370310495|1411.397448085793|1411.397448085793|7.0|1.0|0
2.18252666797859|1393.41576011666|1411.5146285206758|1411.5146285206758|7.0|1.0|0
2.1945848263652117|1396.71786986272|1415.171789613625|1415.171789613625|7.0|1.0|0
2.206642984751834|1398.48334232272|1411.084312425559|1411.084312425559|7.0|1.0|0
2.218701143138456|1400.01760556233|1411.9323862192782|1411.9323862192782|7.0|1.0|0
2.2307593015250777|1399.7253863538|1416.5138393957677|1416.5138393957677|7.0|1.0|0
2.2428174599117|1400.92223586631|1417.7806739146508|1417.7806739146508|7.0|1.0|0
2.254875618298322|1400.87897474855|1420.0182752984354|1420.0182752984354|7.0|1.0|0
2.2669337766849442|1400.21746225495|1420.0857758596808|1420.0857758596808|7.0|1.0|0
2.278991935071566|1401.02958139456|1420.2886778906777|1420.2886778906777|7.0|1.0|0
2.291050093458188|1401.59630719811|1420.7387032338438|1420.7387032338438|7.0|1.0|0
2.3031082518448103|1401.64663520912|1418.6099932575062|1418.6099932575062|7.0|1.0|0
2.3151664102314324|1404.90494144957|1408.3840054820282|1408.3840054820282|7.0|1.0|0
2.327224568618054|1407.14565956258|1405.4567427608392|1405.4567427608392|7.0|1.0|0
2.3392827270046763|1406.2559904858651|1406.1783069693493|1406.1783069693493|7.0|1.0|0
2.3513408853912985|1405.36632140915|1406.899871177859|1406.899871177859|7.0|1.0|0
2.36339904377792|1422.3274619026897|1409.7902098427385|1409.7902098427385||1.0|0
2.3754572021645424|1439.28860239623|1412.6805485076181|1412.6805485076181||1.0|0
2.3875153605511645|1455.298372464975|1415.0507904496453|1415.0507904496453||1.0|0
2.3995735189377867|1471.30814253372|1417.4210323916725|1417.4210323916725|8.0|1.0|0
2.4116316773244084|1480.52152105794|1418.572502811032|1418.572502811032|8.0|1.0|0
2.4236898357110306|1489.68521488195|1420.143835566525|1420.143835566525|8.0|1.0|0
2.4357479940976527|1497.5629872065651|1421.569401530894|1421.569401530894|8.0|1.0|0
2.4478061524842745|1505.44075953118|1422.9949674952632|1422.9949674952632|8.0|1.0|0
2.4598643108708966|1508.71728508936|1424.4011775230135|1424.4011775230135|8.0|1.0|0
2.471922469257519|1508.03191553953|1423.9200158531098|1423.9200158531098|8.0|1.0|0
2.483980627644141|1507.604777852615|1423.9197621670771|1423.9197621670771|8.0|1.0|0
2.4960387860307627|1507.1776401657|1423.9195084810444|1423.9195084810444|8.0|1.0|0
2.508096944417385|1504.89814364871|1422.5739633494684|1422.5739633494684|8.0|1.0|0
2.520155102804007|1504.65372155669|1421.374614748169|1421.374614748169|8.0|1.0|0
2.532213261190629|1505.7759072587|1421.9121340163554|1421.9121340163554|8.0|1.0|0
2.544271419577251|1505.35567219255|1422.2398038930696|1422.2398038930696|8.0|1.0|0
2.556329577963873|1504.31628953409|1422.7938751612198|1422.7938751612198|8.0|1.0|0
2.568387736350495|1503.00756612188|1423.8801195982553|1423.8801195982553|8.0|1.0|0
2.580445894737117|1501.69884270967|1424.9663640352908|1424.9663640352908|8.0|1.0|0
2.592504053123739|1531.618425650585|1421.896000159385|1421.896000159385||1.0|0
2.6045622115103613|1561.5380085915|1418.8256362834793|1418.8256362834793|9.0|1.0|0
2.6166203698969834|1564.02828008518|1418.4193216507745|1418.4193216507745|9.0|1.0|0
2.628678528283605|1569.06495215512|1417.2379023578437|1417.2379023578437|9.0|1.0|0
2.6407366866702273|1575.24878440087|1416.1481032274871|1416.1481032274871|9.0|1.0|0
2.6527948450568495|1587.89910872707|1412.8310832018324|1412.8310832018324|9.0|1.0|0
2.6648530034434716|1592.17543878119|1411.8148808142826|1411.8148808142826|9.0|1.0|0
2.6769111618300934|1595.01550447994|1410.973923410756|1410.973923410756|9.0|1.0|0
2.6889693202167155|1598.89289092959|1411.9929639806198|1411.9929639806198|9.0|1.0|0
2.7010274786033377|1599.146886311345|1411.8799332811045|1411.8799332811045|9.0|1.0|0
2.7130856369899594|1599.4008816931|1411.7669025815894|1411.7669025815894|9.0|1.0|0
2.7251437953765816|1596.99352002463|1411.7661574230808|1411.7661574230808|9.0|1.0|0
2.7372019537632037|1558.6963608932228|1410.1906816694147|1410.1906816694147|9.0|1.0|0
2.749260112149826|1520.399201761816|1408.6152059157487|1408.6152059157487||1.0|0
2.7613182705364476|1482.10204263041|1407.0397301620828|1407.0397301620828||1.0|0
2.77337642892307|857.139328264179|1360.673870221861|1360.673870221861||1.0|0
2.785434587309692|847.301260795294|1360.7386035735635|1360.7386035735635||1.0|0
2.797492745696314|837.826866739573|1360.5517353349371|1360.5517353349371||1.0|0
2.809550904082936|828.020331647485|1360.1422052526218|1360.1422052526218|10.0|1.0|0
2.821609062469558|796.278692053015|1360.9276913409224|1360.9276913409224|10.0|1.0|0
2.83366722085618|793.258158113869|1360.3102541137991|1360.3102541137991|10.0|1.0|0
2.845725379242802|792.218126116709|1360.6628728661697|1360.6628728661697|10.0|1.0|0
2.857783537629424|795.892416369798|1358.477265776675|1358.477265776675|10.0|1.0|0
2.869841696016046|797.977707066787|1355.5999049434438|1355.5999049434438|10.0|1.0|0
2.8818998544026684|797.398269175014|1356.3883211983464|1356.3883211983464|10.0|1.0|0
2.89395801278929|797.6303561743674|1356.547951000632|1356.547951000632|10.0|1.0|0
2.9060161711759123|797.862443173721|1356.7075808029178|1356.7075808029178|10.0|1.0|0
2.9180743295625344|798.322162427755|1355.6739563114943|1355.6739563114943|10.0|1.0|0
2.9301324879491566|798.3571746629965|1355.3913768299224|1355.3913768299224|10.0|1.0|0
2.9421906463357783|798.392186898238|1355.1087973483507|1355.1087973483507|10.0|1.0|0
2.9542488047224005|805.796920340461|1355.4788920315848|1355.4788920315848|10.0|1.0|0
2.9663069631090226|806.299193067057|1355.0924503162564|1355.0924503162564|10.0|1.0|0
2.9783651214956444|905.544003381214|1325.351778699477|1325.351778699477||1.0|0
2.9904232798822665|886.335955223953|1329.084577326409|1329.084577326409||1.0|0
3.0024814382688887|965.0137374005229|1258.7257811354293|1258.7257811354293||1.0|0
3.014539596655511|1043.691519577093|1188.3669849444493|1188.3669849444493||1.0|0
3.0265977550421326|1122.36930175366|1118.008188753472|1118.008188753472||1.0|0
3.0386559134287547|1155.35871475151|1123.712875128871|1123.712875128871||1.0|0
3.050714071815377|1166.40596724479|1123.116529122243|1123.116529122243||1.0|0
3.062772230201999|1165.87287425609|1130.610264122024|1130.610264122024||1.0|0
3.074830388588621|1165.33978126739|1138.103999121805|1138.103999121805||1.0|0
3.086888546975243|1143.132308298535|1223.1012037444755|1223.1012037444755||1.0|0
3.098946705361865|1120.92483532968|1308.098408367146|1308.098408367146|11.0|1.0|0
3.111004863748487|1113.46496019732|1313.537883017751|1313.537883017751|11.0|1.0|0
3.123063022135109|1113.94300497689|1313.036012198526|1313.036012198526|11.0|1.0|0
3.135121180521731|1111.2952624988|1310.23670517856|1310.23670517856|11.0|1.0|0
3.1471793389083533|1111.28817653263|1310.555021968495|1310.555021968495|11.0|1.0|0
3.159237497294975|1111.60742150927|1312.689203882179|1312.689203882179|11.0|1.0|0
3.171295655681597|1111.67317819728|1314.19669080161|1314.19669080161|11.0|1.0|0
3.1833538140682194|1111.82895240017|1313.755926628281|1313.755926628281|11.0|1.0|0
3.1954119724548415|1110.81554740211|1312.0347904519824|1312.0347904519824|11.0|1.0|0
3.2074701308414633|1109.80214240405|1310.313654275684|1310.313654275684|11.0|1.0|0
3.2195282892280854|1108.39876951362|1309.025148446061|1309.025148446061|11.0|1.0|0
3.2315864476147076|1107.46461866339|1308.370512793769|1308.370512793769|11.0|1.0|0
3.2436446060013293|1105.93930175862|1307.479437539627|1307.479437539627|11.0|1.0|0
3.2557027643879515|1105.31958414689|1306.895332479973|1306.895332479973|11.0|1.0|0
3.2677609227745736|1104.68010477507|1306.078354261613|1306.078354261613|11.0|1.0|0
3.279819081161196|1103.93572052337|1304.682665298565|1304.682665298565|11.0|1.0|0
3.2918772395478175|1104.18473101179|1303.75391448567|1303.75391448567|11.0|1.0|0
3.3039353979344397|1104.46298998844|1302.103857436186|1302.103857436186|11.0|1.0|0
3.315993556321062|1105.098100622145|1302.3969684613814|1302.3969684613814|11.0|1.0|0
3.328051714707684|1105.73321125585|1302.690079486577|1302.690079486577|11.0|1.0|0
3.3401098730943057|1216.6933636458|1309.565850634539|1309.565850634539||1.0|0
3.352168031480928|1237.591355119915|1310.5728072714405|1310.5728072714405||1.0|0
3.36422618986755|1258.48934659403|1311.579763908342|1311.579763908342|12.0|1.0|0
3.376284348254172|1275.62056151022|1310.794391022331|1310.794391022331|12.0|1.0|0
3.388342506640794|1277.577499988125|1310.000374469484|1310.000374469484|12.0|1.0|0
3.400400665027416|1279.53443846603|1309.206357916637|1309.206357916637|12.0|1.0|0
3.4124588234140383|1281.68081753234|1307.04206416111|1307.04206416111|12.0|1.0|0
3.42451698180066|1282.60790393481|1302.692873712431|1302.692873712431|12.0|1.0|0
3.436575140187282|1282.026958664475|1302.534054626737|1302.534054626737|12.0|1.0|0
3.4486332985739043|1281.44601339414|1302.375235541043|1302.375235541043|12.0|1.0|0
3.4606914569605265|1280.33248752183|1301.530817387303|1301.530817387303|12.0|1.0|0
3.472749615347148|1280.86450753798|1300.820791445274|1300.820791445274|12.0|1.0|0
3.4848077737337704|1282.59785103932|1298.76102644444|1298.76102644444|12.0|1.0|0
3.4968659321203925|1283.29605207415|1295.715776821128|1295.715776821128|12.0|1.0|0
3.5089240905070143|1283.54089086943|1291.543747217684|1291.543747217684|12.0|1.0|0
3.5209822488936364|1290.6761254194785|1281.1452178738398|1281.1452178738398||1.0|0
3.5330404072802586|1297.8113599695268|1270.7466885299955|1270.7466885299955||1.0|0
3.5450985656668808|1304.9465945195752|1260.3481591861514|1260.3481591861514||1.0|0
3.5571567240535025|1312.0818290696232|1249.9496298423076|1249.9496298423076||1.0|0
3.5692148824401246|1319.2170636196715|1239.5511004984633|1239.5511004984633||1.0|0
3.581273040826747|1326.35229816972|1229.152571154619|1229.152571154619||1.0|0
3.593331199213369|1468.13228480514|1144.346313005132|1144.346313005132||1.0|0
3.6053893575999907|1400.71001545712|1224.02555374064|1224.02555374064||1.0|0
3.617447515986613|1388.6437917371|1241.6010568356269|1241.6010568356269||1.0|0
3.629505674373235|1376.57756801708|1259.176559930614|1259.176559930614||1.0|0
3.6415638327598567|1379.87210387723|1270.832640394701|1270.832640394701||1.0|0
3.653621991146479|1381.85474880572|1271.748803725017|1271.748803725017||1.0|0
3.665680149533101|1382.74797579507|1271.700448641088|1271.700448641088||1.0|0
3.6777383079197232|1380.43701210371|1282.419505754266|1282.419505754266||1.0|0
3.689796466306345|1372.16686122886|1317.088458526154|1317.088458526154||1.0|0
3.701854624692967|1372.95027946989|1319.713223336076|1319.713223336076||1.0|0
3.7139127830795893|1373.73369771092|1322.337988145998|1322.337988145998||1.0|0
3.7259709414662114|1381.66936055919|1323.878787758895|1323.878787758895||1.0|0
3.738029099852833|1389.415856191633|1324.7691250028397|1324.7691250028397||1.0|0
3.7500872582394553|1397.1623518240767|1325.6594622467842|1325.6594622467842||1.0|0
3.7621454166260775|1404.90884745652|1326.549799490729|1326.549799490729||1.0|0
3.774203575012699|1439.08382153478|1311.217736776065|1311.217736776065|13.0|1.0|0
3.7862617333993214|1440.05953800258|1310.521098498055|1310.521098498055|13.0|1.0|0
3.7983198917859435|1441.60293036263|1309.357794184431|1309.357794184431|13.0|1.0|0
3.8103780501725657|1444.84711807346|1307.546256752885|1307.546256752885|13.0|1.0|0
3.8224362085591874|1446.68135782663|1303.804251767827|1303.804251767827|13.0|1.0|0
3.8344943669458096|1447.25900186758|1302.131471934234|1302.131471934234|13.0|1.0|0
3.8465525253324317|1444.56024206314|1299.096781454793|1299.096781454793|13.0|1.0|0
3.8586106837190535|1444.5282333535233|1299.0418392328554|1299.0418392328554|13.0|1.0|0
3.8706688421056756|1444.4962246439068|1298.9868970109176|1298.9868970109176|13.0|1.0|0
3.882727000492298|1444.46421593429|1298.93195478898|1298.93195478898|13.0|1.0|0
3.89478515887892|1474.62151294037|1296.420227773969|1296.420227773969||1.0|0
3.9068433172655417|1502.62484057631|1292.857532003378|1292.857532003378||1.0|0
3.918901475652164|1517.59877599288|1290.399917034155|1290.399917034155|14.0|1.0|0
3.930959634038786|1533.33452510385|1287.67257402806|1287.67257402806|14.0|1.0|0
3.943017792425408|1536.9302726635|1287.6211177497623|1287.6211177497623|14.0|1.0|0
3.95507595081203|1540.52602022315|1287.569661471465|1287.569661471465|14.0|1.0|0
3.967134109198652|1548.20665130128|1286.063539298223|1286.063539298223|14.0|1.0|0
3.9791922675852742|1555.88728237941|1284.557417124981|1284.557417124981|14.0|1.0|0
3.991250425971896|1555.79719515402|1284.338500836321|1284.338500836321|14.0|1.0|0
4.0033085843585186|1555.70710792863|1284.119584547661|1284.119584547661|14.0|1.0|0
4.01536674274514|1546.489701870055|1283.7849015728805|1283.7849015728805|14.0|1.0|0
4.027424901131762|1537.27229581148|1283.4502185981|1283.4502185981|14.0|1.0|0
4.039483059518385|1504.3488116583|1281.045369871765|1281.045369871765||1.0|0
4.051541217905006|1059.56701638775|1241.46872072479|1241.46872072479||1.0|0
4.063599376291628|1003.61069966212|1236.595606815852|1236.595606815852||1.0|0
4.075657534678251|979.743102752839|1234.969290344538|1234.969290344538||1.0|0
4.087715693064872|960.649139355174|1233.722589630912|1233.722589630912||1.0|0
4.099773851451495|955.0821348879808|1233.263125903977|1233.263125903977||1.0|0
4.111832009838117|949.515130420788|1232.803662177042|1232.803662177042||1.0|0
4.123890168224738|876.30836614437|1230.287715064123|1230.287715064123|15.0|1.0|0
4.135948326611361|874.4656763673104|1230.687805914966|1230.687805914966|15.0|1.0|0
4.148006484997983|872.622986590251|1231.087896765809|1231.087896765809|15.0|1.0|0
4.1600646433846045|867.80634001623|1231.230895909236|1231.230895909236|15.0|1.0|0
4.172122801771227|866.608750663523|1231.217403420866|1231.217403420866|15.0|1.0|0
4.184180960157849|866.948306673491|1230.905600572805|1230.905600572805|15.0|1.0|0
4.1962391185444705|868.53827822993|1229.512925255493|1229.512925255493|15.0|1.0|0
4.208297276931093|869.349925675665|1227.916191474917|1227.916191474917|15.0|1.0|0
4.220355435317715|869.4077094456785|1227.7235214967086|1227.7235214967086|15.0|1.0|0
4.2324135937043375|869.465493215692|1227.5308515185|1227.5308515185|15.0|1.0|0
4.244471752090959|858.117422805452|1230.561838973633|1230.561838973633|15.0|1.0|0
4.256529910477581|853.296715415537|1230.75721739342|1230.75721739342|15.0|1.0|0
4.2685880688642035|852.565228945048|1230.261725405375|1230.261725405375|15.0|1.0|0
4.280646227250825|850.076823865567|1230.190481984382|1230.190481984382|15.0|1.0|0
4.292704385637447|848.84077286207|1229.904987257069|1229.904987257069|15.0|1.0|0
4.3047625440240695|846.840171184083|1230.267504699448|1230.267504699448|15.0|1.0|0
4.316820702410691|844.1757476409041|1230.006334063962|1230.006334063962|15.0|1.0|0
4.328878860797313|841.511324097725|1229.745163428476|1229.745163428476|15.0|1.0|0
4.340937019183936|839.15472907471|1228.903230780072|1228.903230780072|15.0|1.0|0
4.352995177570557|838.606201668861|1228.86451319958|1228.86451319958|15.0|1.0|0
4.36505333595718|838.869292457184|1227.810959626914|1227.810959626914|15.0|1.0|0
4.377111494343802|839.124906015332|1227.5010096315145|1227.5010096315145|15.0|1.0|0
4.389169652730423|839.38051957348|1227.191059636115|1227.191059636115|15.0|1.0|0
4.401227811117046|839.259567307902|1227.0341682270919|1227.0341682270919|15.0|1.0|0
4.413285969503668|839.138615042324|1226.877276818069|1226.877276818069|15.0|1.0|0
4.425344127890289|839.017662776746|1226.720385409046|1226.720385409046|15.0|1.0|0
4.437402286276912|1019.38855511038|1228.591979120054|1228.591979120054||1.0|0
4.449460444663534|1037.59458615758|1228.342220173431|1228.342220173431|16.0|1.0|0
4.4615186030501555|1048.89049613502|1228.419418423683|1228.419418423683|16.0|1.0|0
4.473576761436778|1057.75090629143|1228.915155287642|1228.915155287642|16.0|1.0|0
4.4856349198234|1065.36054095028|1229.3067940094961|1229.3067940094961|16.0|1.0|0
4.497693078210022|1066.7024688559|1228.684545530951|1228.684545530951|16.0|1.0|0
4.509751236596644|1066.83116967722|1227.544778585085|1227.544778585085|16.0|1.0|0
4.521809394983266|1067.00485934859|1227.579591321858|1227.579591321858|16.0|1.0|0
4.5338675533698884|1068.20264080581|1227.479907943117|1227.479907943117|16.0|1.0|0
4.54592571175651|1069.40042226303|1227.380224564376|1227.380224564376|16.0|1.0|0
4.557983870143132|1069.74238292675|1227.5435152117805|1227.5435152117805|16.0|1.0|0
4.5700420285297545|1070.08434359047|1227.706805859185|1227.706805859185|16.0|1.0|0
4.582100186916376|1075.82703425531|1230.888752096921|1230.888752096921|16.0|1.0|0
4.594158345302998|1075.78604899073|1231.149319685632|1231.149319685632|16.0|1.0|0
4.6062165036896205|1074.49769328269|1232.9534804134|1232.9534804134|16.0|1.0|0
4.618274662076242|1074.31080310733|1233.262179944803|1233.262179944803|16.0|1.0|0
4.630332820462865|1073.54505054298|1231.186021884718|1231.186021884718|16.0|1.0|0
4.642390978849487|1073.55645503896|1231.641311626273|1231.641311626273|16.0|1.0|0
4.654449137236108|1069.66901281102|1216.78398104837|1216.78398104837|16.0|1.0|0
4.666507295622731|1068.94955582681|1215.88145036691|1215.88145036691|16.0|1.0|0
4.678565454009353|1068.68958001596|1213.805560743359|1213.805560743359|16.0|1.0|0
4.690623612395974|1069.260374213435|1215.0472041412029|1215.0472041412029|16.0|1.0|0
4.702681770782597|1069.83116841091|1216.288847539047|1216.288847539047|16.0|1.0|0
4.714739929169219|1078.407595393595|1211.775748016803|1211.775748016803|16.0|1.0|0
4.72679808755584|1086.98402237628|1207.262648494559|1207.262648494559|16.0|1.0|0
4.738856245942463|1088.60336612907|1205.256313649001|1205.256313649001|16.0|1.0|0
4.750914404329085|1092.84269410327|1202.481470795426|1202.481470795426|16.0|1.0|0
4.7629725627157065|1094.57423756798|1195.602199821135|1195.602199821135|16.0|1.0|0
4.775030721102329|1096.50103110511|1195.2535745519435|1195.2535745519435|16.0|1.0|0
4.787088879488951|1098.42782464224|1194.904949282752|1194.904949282752|16.0|1.0|0
4.799147037875573|1098.0907778522649|1192.7447882150484|1192.7447882150484|16.0|1.0|0
4.811205196262195|1097.75373106229|1190.584627147345|1190.584627147345|16.0|1.0|0
4.823263354648817|1098.128791082|1190.777526682591|1190.777526682591|16.0|1.0|0
4.8353215130354394|1099.47508116174|1194.43427887045|1194.43427887045|16.0|1.0|0
4.847379671422061|1099.56050003064|1194.092750849825|1194.092750849825|16.0|1.0|0
4.859437829808683|1098.80804774366|1193.433671719786|1193.433671719786|16.0|1.0|0
4.8714959881953055|1098.7759876017299|1193.857814184171|1193.857814184171|16.0|1.0|0
4.883554146581927|1098.7439274598|1194.281956648556|1194.281956648556|16.0|1.0|0
4.895612304968549|1091.8752442891002|1190.2886826647316|1190.2886826647316|16.0|1.0|0
4.9076704633551715|1085.0065611184|1186.295408680907|1186.295408680907|16.0|1.0|0
4.919728621741793|1083.96527011664|1185.712530914868|1185.712530914868|16.0|1.0|0
4.931786780128416|1079.40557953702|1180.941972931032|1180.941972931032|16.0|1.0|0
4.943844938515038|1078.9224231794049|1180.455001385347|1180.455001385347|16.0|1.0|0
4.955903096901659|1078.43926682179|1179.968029839662|1179.968029839662|16.0|1.0|0
4.967961255288282|1081.02712448384|1178.846346014546|1178.846346014546|16.0|1.0|0
4.980019413674904|1080.09004279542|1178.559488917378|1178.559488917378|16.0|1.0|0
4.992077572061525|1083.62575744151|1180.146523902666|1180.146523902666|16.0|1.0|0
5.004135730448148|1085.642473681335|1180.8109457865942|1180.8109457865942|16.0|1.0|0
5.01619388883477|1087.65918992116|1181.475367670522|1181.475367670522|16.0|1.0|0
5.028252047221391|1095.1125063820998|1183.5074581833169|1183.5074581833169|16.0|1.0|0
5.040310205608014|1102.56582284304|1185.539548696112|1185.539548696112|16.0|1.0|0
5.052368363994636|1204.61265607388|1195.686907732169|1195.686907732169||1.0|0
5.064426522381258|1214.43029523131|1196.984959586991|1196.984959586991||1.0|0
5.07648468076788|1225.78705841091|1197.853905633604|1197.853905633604||1.0|0
5.088542839154502|1234.00461409606|1198.070250585033|1198.070250585033||1.0|0
5.100600997541124|1303.9875817306|1203.071290549744|1203.071290549744|17.0|1.0|0
5.112659155927746|1304.02882105473|1204.771310096431|1204.771310096431|17.0|1.0|0
5.124717314314368|1305.13632421268|1199.180862891291|1199.180862891291|17.0|1.0|0
5.13677547270099|1305.1004933306|1199.357906943524|1199.357906943524|17.0|1.0|0
5.148833631087612|1305.4783499258501|1199.7806757735216|1199.7806757735216|17.0|1.0|0
5.160891789474234|1305.8562065211|1200.203444603519|1200.203444603519|17.0|1.0|0
5.1729499478608565|1307.04038845551|1200.425907801365|1200.425907801365|17.0|1.0|0
5.185008106247478|1307.23140140279|1200.7252948999899|1200.7252948999899|17.0|1.0|0
5.197066264634101|1310.19139446439|1203.633107784202|1203.633107784202|17.0|1.0|0
5.2091244230207225|1310.5071140548|1204.491577864078|1204.491577864078|17.0|1.0|0
5.221182581407344|1310.83061106044|1205.4178633360161|1205.4178633360161|17.0|1.0|0
5.233240739793967|1311.2849840166|1205.431144050627|1205.431144050627|17.0|1.0|0
5.245298898180589|1311.90712275309|1205.68584814366|1205.68584814366|17.0|1.0|0
5.25735705656721|1323.9910100681745|1205.6061236219625|1205.6061236219625|17.0|1.0|0
5.269415214953833|1336.07489738326|1205.526399100265|1205.526399100265|17.0|1.0|0
5.281473373340455|1454.81725339457|1207.483901409603|1207.483901409603||1.0|0
5.293531531727076|1448.32794220747|1203.177333918324|1203.177333918324||1.0|0
5.305589690113699|1445.30965488259|1200.6910400910504|1200.6910400910504||1.0|0
5.317647848500321|1442.29136755771|1198.204746263777|1198.204746263777||1.0|0
5.329706006886943|1417.72281185188|1195.760642582568|1195.760642582568||1.0|0
5.341764165273565|1402.80577509283|1193.895566894854|1193.895566894854||1.0|0
5.353822323660187|1354.43291687301|1188.21084168885|1188.21084168885||1.0|0
5.365880482046809|1301.5899869497|1182.973229119212|1182.973229119212||1.0|0
5.377938640433431|1237.088961964445|1175.8746956217879|1175.8746956217879||1.0|0
5.389996798820053|1172.58793697919|1168.776162124364|1168.776162124364|18.0|1.0|0
5.402054957206675|1170.68502498398|1167.26489541312|1167.26489541312|18.0|1.0|0
5.414113115593297|1170.8454578804167|1167.2235810679138|1167.2235810679138|18.0|1.0|0
5.426171273979919|1171.0058907768532|1167.1822667227073|1167.1822667227073|18.0|1.0|0
5.438229432366541|1171.16632367329|1167.140952377501|1167.140952377501|18.0|1.0|0
5.450287590753163|1171.13440968099|1160.439555214052|1160.439555214052|18.0|1.0|0
5.462345749139786|1171.74539087639|1162.252051495087|1162.252051495087|18.0|1.0|0
5.4744039075264075|1168.45674519479|1154.891500902165|1154.891500902165|18.0|1.0|0
5.486462065913029|1169.07739539109|1155.031991062101|1155.031991062101|18.0|1.0|0
5.498520224299652|1170.0766091692901|1154.697270134973|1154.697270134973|18.0|1.0|0
5.5105783826862735|1171.07582294749|1154.362549207845|1154.362549207845|18.0|1.0|0
5.522636541072895|1131.92053149538|1152.4713570265499|1152.4713570265499||1.0|0
5.534694699459518|1129.8968400273632|1152.5298952762876|1152.5298952762876|19.0|1.0|0
5.54675285784614|1127.8731485593464|1152.5884335260253|1152.5884335260253|19.0|1.0|0
5.558811016232761|1125.84945709133|1152.646971775763|1152.646971775763|19.0|1.0|0
5.570869174619384|1110.56294576942|1148.515227069522|1148.515227069522|19.0|1.0|0
5.582927333006006|1110.308225575|1149.885712164888|1149.885712164888|19.0|1.0|0
5.594985491392628|1109.8949414912|1148.957672343849|1148.957672343849|19.0|1.0|0
5.60704364977925|1110.71535107586|1149.7030523715239|1149.7030523715239|19.0|1.0|0
5.619101808165872|1111.2629671837|1149.783670539435|1149.783670539435|19.0|1.0|0
5.631159966552494|1111.81058329154|1149.864288707346|1149.864288707346|19.0|1.0|0
5.643218124939116|1151.55200403038|1159.5597714941869|1159.5597714941869||1.0|0
5.655276283325738|1433.86979143466|1181.326431224871|1181.326431224871||1.0|0
5.66733444171236|1453.38169790237|1180.986186672168|1180.986186672168||1.0|0
5.679392600098982|1467.70179318011|1179.80485832582|1179.80485832582|20.0|1.0|0
5.691450758485604|1474.79619830203|1178.987780572229|1178.987780572229|20.0|1.0|0
5.703508916872226|1485.91141245993|1178.807796837272|1178.807796837272|20.0|1.0|0
5.715567075258848|1501.3257764948|1175.8258554307831|1175.8258554307831|20.0|1.0|0
5.727625233645471|1502.3166181433|1174.7805578616255|1174.7805578616255|20.0|1.0|0
5.739683392032092|1503.3074597918|1173.735260292468|1173.735260292468|20.0|1.0|0
5.751741550418714|1503.62651555579|1176.331535967644|1176.331535967644|20.0|1.0|0
5.763799708805337|1503.121819826115|1176.39303979257|1176.39303979257|20.0|1.0|0
5.7758578671919585|1502.61712409644|1176.454543617496|1176.454543617496|20.0|1.0|0
5.78791602557858|1501.53798568873|1176.381372859109|1176.381372859109|20.0|1.0|0
5.799974183965203|1503.94163940474|1176.8220097135609|1176.8220097135609|20.0|1.0|0
5.8120323423518245|1505.3308191183|1176.748099899714|1176.748099899714|20.0|1.0|0
5.824090500738446|1518.32862229612|1176.390948422313|1176.390948422313||1.0|0
5.836148659125069|1529.45711625506|1175.156152098154|1175.156152098154|21.0|1.0|0
5.848206817511691|1543.8889916595945|1172.3527091154856|1172.3527091154856|21.0|1.0|0
5.860264975898313|1558.32086706413|1169.5492661328171|1169.5492661328171|21.0|1.0|0
5.872323134284935|1561.56742709055|1171.642259810591|1171.642259810591|21.0|1.0|0
5.884381292671557|1564.5656893702348|1172.134421030139|1172.134421030139|21.0|1.0|0
5.896439451058179|1567.56395164992|1172.626582249687|1172.626582249687|21.0|1.0|0
5.908497609444801|1567.86037336529|1175.642343315153|1175.642343315153|21.0|1.0|0
5.920555767831423|1555.14588311547|1175.751058596986|1175.751058596986|21.0|1.0|0
5.932613926218045|1550.16049363831|1175.028049297403|1175.028049297403|21.0|1.0|0
5.944672084604667|1440.64664348085|1162.142190013101|1162.142190013101||1.0|0
5.956730242991289|1440.20911563338|1162.684111866865|1162.684111866865||1.0|0
5.968788401377911|1284.89062531034|1145.739340459694|1145.739340459694||1.0|0
5.980846559764533|1210.46634784264|1136.298108810105|1136.298108810105||1.0|0
5.992904718151156|1121.86749106782|1123.11688353283|1123.11688353283||1.0|0
6.004962876537777|1097.185568012175|1119.5338134799194|1119.5338134799194||1.0|0
6.017021034924399|1072.50364495653|1115.950743427009|1115.950743427009||1.0|0
6.029079193311022|931.777981954126|1099.076765448579|1099.076765448579|22.0|1.0|0
6.041137351697643|931.474490612477|1098.858955495425|1098.858955495425|22.0|1.0|0
6.053195510084265|932.355746201637|1097.825136796077|1097.825136796077|22.0|1.0|0
6.065253668470888|931.286256312527|1101.616329172793|1101.616329172793|22.0|1.0|0
6.0773118268575095|931.1138335172895|1102.0918712878645|1102.0918712878645|22.0|1.0|0
6.089369985244131|930.941410722052|1102.567413402936|1102.567413402936|22.0|1.0|0
6.101428143630754|929.556596491785|1104.135143462058|1104.135143462058|22.0|1.0|0
6.1134863020173755|929.935691912941|1104.706938047326|1104.706938047326|22.0|1.0|0
6.125544460403998|928.966775249704|1104.918276198546|1104.918276198546|22.0|1.0|0
6.13760261879062|893.654318697873|1101.3864787870075|1101.3864787870075|22.0|1.0|0
6.149660777177242|858.341862146042|1097.854681375469|1097.854681375469||1.0|0
6.161718935563864|847.8987583322566|1096.8401237628489|1096.8401237628489|23.0|1.0|0
6.173777093950486|837.455654518472|1095.825566150229|1095.825566150229|23.0|1.0|0
6.185835252337108|829.096411937282|1096.090491254474|1096.090491254474|23.0|1.0|0
6.19789341072373|822.918637633772|1096.991777715499|1096.991777715499|23.0|1.0|0
6.209951569110352|820.982435310215|1101.5394107297311|1101.5394107297311|23.0|1.0|0
6.222009727496974|820.920981841141|1101.909784890476|1101.909784890476|23.0|1.0|0
6.234067885883596|821.0628467363256|1102.4950569948626|1102.4950569948626|23.0|1.0|0
6.246126044270218|821.20471163151|1103.080329099249|1103.080329099249|23.0|1.0|0
6.258184202656841|860.0072300767736|1104.296855343522|1104.296855343522|23.0|1.0|0
6.270242361043462|898.8097485220343|1105.513381587795|1105.513381587795||1.0|0
6.282300519430084|937.612266967295|1106.729907832068|1106.729907832068||1.0|0
6.294358677816707|976.4147854125586|1107.9464340763411|1107.9464340763411||1.0|0
6.306416836203328|1015.2173038578193|1109.162960320614|1109.162960320614||1.0|0
6.31847499458995|1054.01982230308|1110.379486564887|1110.379486564887||1.0|0
6.330533152976573|1153.39997177583|1113.711225698876|1113.711225698876||1.0|0
6.342591311363194|1138.24296911522|1237.58115031878|1237.58115031878||1.0|0
6.354649469749816|1130.67102462327|1292.93603793695|1292.93603793695||1.0|0
6.366707628136439|1127.71508815481|1314.901336076809|1314.901336076809||1.0|0
6.3787657865230605|1126.2415000127|1324.836307626687|1324.836307626687||1.0|0
6.390823944909683|1119.09011553885|1384.4196991531774|1384.4196991531774|24.0|1.0|0
6.402882103296305|1117.36724450058|1398.9865358713714|1398.9865358713714|24.0|1.0|0
6.4149402616829265|1116.1737135293233|1403.1012684363363|1403.1012684363363|24.0|1.0|0
6.426998420069549|1114.9801825580666|1407.2160010013013|1407.2160010013013|24.0|1.0|0
6.439056578456171|1113.78665158681|1411.3307335662662|1411.3307335662662|24.0|1.0|0
6.451114736842793|1114.28184197282|1410.759680945986|1410.759680945986|24.0|1.0|0
6.463172895229415|1113.46106037841|1409.506033881616|1409.506033881616|24.0|1.0|0
6.475231053616037|1114.00623631057|1410.6011656209444|1410.6011656209444|24.0|1.0|0
6.487289212002659|1114.462887197705|1409.4355043414375|1409.4355043414375|24.0|1.0|0
6.499347370389281|1114.91953808484|1408.2698430619305|1408.2698430619305|24.0|1.0|0
6.511405528775903|1115.229186839375|1406.9310908525647|1406.9310908525647|24.0|1.0|0
6.523463687162526|1115.53883559391|1405.592338643199|1405.592338643199|24.0|1.0|0
6.535521845549147|1117.35325736647|1403.557841336166|1403.557841336166|24.0|1.0|0
6.547580003935769|1110.24266253931|1399.1708247128036|1399.1708247128036|24.0|1.0|0
6.559638162322392|1112.38054994717|1400.761837775633|1400.761837775633|24.0|1.0|0
6.571696320709013|1034.9291209337|1381.19878885938|1381.19878885938||1.0|0
6.583754479095635|897.900787822164|1345.6277433263979|1345.6277433263979||1.0|0
6.595812637482258|876.910474009396|1340.2368751235451|1340.2368751235451||1.0|0
6.607870795868879|858.651299276463|1335.169304431738|1335.169304431738||1.0|0
6.619928954255501|843.60668418204|1330.876431632751|1330.876431632751||1.0|0
6.631987112642124|823.6520102887828|1325.8302087370264|1325.8302087370264|25.0|1.0|0
6.644045271028745|803.697336395527|1320.783985841302|1320.783985841302|25.0|1.0|0
6.656103429415368|804.70769086008|1321.105947708553|1321.105947708553|25.0|1.0|0
6.66816158780199|801.648560039661|1320.42214735988|1320.42214735988|25.0|1.0|0
6.6802197461886115|800.225793841719|1316.563718726225|1316.563718726225|25.0|1.0|0
6.692277904575234|801.108899147063|1319.44488693702|1319.44488693702|25.0|1.0|0
6.704336062961856|801.238359517103|1318.97885312697|1318.97885312697|25.0|1.0|0
6.7163942213484775|800.65284803747|1318.018436017129|1318.018436017129|25.0|1.0|0
6.7284523797351|799.871279997789|1317.34967725157|1317.34967725157|25.0|1.0|0
6.740510538121722|799.426202928951|1317.028235567007|1317.028235567007|25.0|1.0|0
6.752568696508344|798.8489736208866|1317.050203644752|1317.050203644752|25.0|1.0|0
6.764626854894966|798.271744312822|1317.072171722497|1317.072171722497|25.0|1.0|0
6.776685013281588|798.0054166305255|1318.3534996811588|1318.3534996811588|25.0|1.0|0
6.7887431716682105|797.739088948229|1319.634827639821|1319.634827639821|25.0|1.0|0
6.800801330054832|801.163325582489|1305.041740306692|1305.041740306692|25.0|1.0|0
6.812859488441454|804.136406651631|1293.871731689133|1293.871731689133||1.0|0
6.824917646828077|805.717300609686|1288.664192317897|1288.664192317897|26.0|1.0|0
6.836975805214698|809.167987449759|1273.369404851045|1273.369404851045|26.0|1.0|0
6.84903396360132|811.413641838305|1264.837074567496|1264.837074567496|26.0|1.0|0
6.861092121987943|812.621514323904|1261.023695026485|1261.023695026485|26.0|1.0|0
6.873150280374564|812.527785313515|1260.971178307278|1260.971178307278|26.0|1.0|0
6.885208438761186|812.434056303126|1260.918661588071|1260.918661588071|26.0|1.0|0
6.897266597147809|811.065661403026|1263.1301057929659|1263.1301057929659|26.0|1.0|0
6.90932475553443|811.807999220091|1261.105785162676|1261.105785162676|26.0|1.0|0
6.921382913921053|811.559072721592|1262.059607447249|1262.059607447249|26.0|1.0|0
6.933441072307675|820.240927960595|1257.4934448800109|1257.4934448800109|26.0|1.0|0
6.945499230694296|983.383834368428|1165.906123231448|1165.906123231448||1.0|0
6.957557389080919|1002.45728735931|1155.394214941099|1155.394214941099||1.0|0
6.969615547467541|1013.58068126978|1148.995747827663|1148.995747827663||1.0|0
6.9816737058541625|1028.74921993306|1138.675354819799|1138.675354819799|27.0|1.0|0
6.993731864240785|1031.12072496904|1136.711104363521|1136.711104363521|27.0|1.0|0
7.005790022627407|1033.49223000502|1134.746853907243|1134.746853907243|27.0|1.0|0
7.0178481810140285|1035.77189141847|1129.179761615662|1129.179761615662|27.0|1.0|0
7.029906339400651|1034.7977166489|1128.704387795207|1128.704387795207|27.0|1.0|0
7.041964497787273|1040.20884241248|1120.91884816736|1120.91884816736|27.0|1.0|0
7.0540226561738955|1039.9634266088049|1121.6689916887801|1121.6689916887801|27.0|1.0|0
7.066080814560517|1039.71801080513|1122.4191352102|1122.4191352102|27.0|1.0|0
7.078138972947139|1039.9007218745398|1122.0516983833645|1122.0516983833645|27.0|1.0|0
7.0901971313337615|1040.08343294395|1121.684261556529|1121.684261556529|27.0|1.0|0
7.102255289720383|1041.9892275749899|1121.836973191663|1121.836973191663|27.0|1.0|0
7.114313448107005|1043.89502220603|1121.989684826797|1121.989684826797|27.0|1.0|0
7.1263716064936276|1050.33605211419|1123.443112829176|1123.443112829176|27.0|1.0|0
7.138429764880249|1081.51997436118|1128.601960507933|1128.601960507933||1.0|0
7.150487923266871|1095.6264938011896|1131.8779675065484|1131.8779675065484||1.0|0
7.162546081653494|1109.7330132412|1135.1539745051641|1135.1539745051641|28.0|1.0|0
7.174604240040115|1122.02421224704|1141.47196295769|1141.47196295769|28.0|1.0|0
7.186662398426738|1123.5930621822467|1144.9299081633487|1144.9299081633487|28.0|1.0|0
7.19872055681336|1125.1619121174535|1148.3878533690074|1148.3878533690074|28.0|1.0|0
7.210778715199981|1126.73076205266|1151.8457985746659|1151.8457985746659|28.0|1.0|0
7.222836873586604|1130.79917551606|1152.593983147701|1152.593983147701|28.0|1.0|0
7.234895031973226|1131.272574279825|1153.045127358286|1153.045127358286|28.0|1.0|0
7.246953190359847|1131.74597304359|1153.496271568871|1153.496271568871|28.0|1.0|0
7.25901134874647|1131.86843171819|1151.957609176912|1151.957609176912|28.0|1.0|0
7.271069507133092|1128.9234588409|1151.156115924535|1151.156115924535|28.0|1.0|0
7.2831276655197135|1130.64016047733|1152.7144299426|1152.7144299426|28.0|1.0|0
7.295185823906336|1131.30413332053|1154.081287367974|1154.081287367974|28.0|1.0|0
7.307243982292958|1155.70107236822|1158.366650739987|1158.366650739987||1.0|0
7.31930214067958|1172.19629285669|1160.8761781321|1160.8761781321|29.0|1.0|0
7.331360299066202|1190.92675713853|1162.49830966559|1162.49830966559|29.0|1.0|0
7.343418457452824|1195.51438559131|1162.627309055562|1162.627309055562|29.0|1.0|0
7.3554766158394465|1200.03546696188|1162.779498133888|1162.779498133888|29.0|1.0|0
7.367534774226068|1206.00352367176|1163.548325975057|1163.548325975057|29.0|1.0|0
7.37959293261269|1206.20717362666|1164.672450217628|1164.672450217628|29.0|1.0|0
7.3916510909993125|1206.45150534252|1165.494995714236|1165.494995714236|29.0|1.0|0
7.403709249385934|1204.7179542425|1169.825052790779|1169.825052790779|29.0|1.0|0
7.415767407772556|1204.57312265157|1170.591783472306|1170.591783472306|29.0|1.0|0
7.4278255661591785|1204.581741616305|1169.5020808550548|1169.5020808550548|29.0|1.0|0
7.4398837245458|1204.59036058104|1168.412378237804|1168.412378237804|29.0|1.0|0
7.451941882932423|1201.07218487479|1166.878963060094|1166.878963060094|29.0|1.0|0
7.464000041319045|1178.29914726519|1156.86691960232|1156.86691960232|29.0|1.0|0
7.476058199705666|1089.79494007945|1124.052674722232|1124.052674722232||1.0|0
7.488116358092289|1083.17857474401|1122.442106796993|1122.442106796993|30.0|1.0|0
7.500174516478911|1082.47920262432|1122.0868999468405|1122.0868999468405|30.0|1.0|0
7.512232674865532|1081.77983050463|1121.7316930966883|1121.7316930966883|30.0|1.0|0
7.524290833252155|1081.08045838494|1121.376486246536|1121.376486246536|30.0|1.0|0
7.536348991638777|1076.83183809251|1119.970936116321|1119.970936116321|30.0|1.0|0
7.548407150025398|1071.35637266698|1119.37511329942|1119.37511329942|30.0|1.0|0
7.560465308412021|1070.8835145782|1118.511996316809|1118.511996316809|30.0|1.0|0
7.572523466798643|1068.98404729245|1118.51657086542|1118.51657086542|30.0|1.0|0
7.584581625185265|1067.53433905062|1117.798349669211|1117.798349669211|30.0|1.0|0
7.596639783571887|1066.39965558229|1118.647534365432|1118.647534365432|30.0|1.0|0
7.608697941958509|1066.52180544066|1118.327070530897|1118.327070530897|30.0|1.0|0
7.620756100345131|1066.52946858307|1118.244394934421|1118.244394934421|30.0|1.0|0
7.632814258731753|1065.94593560297|1118.273927448789|1118.273927448789|30.0|1.0|0
7.644872417118375|1065.01447413684|1118.005449379466|1118.005449379466|30.0|1.0|0
7.6569305755049974|1064.34595208154|1118.2290340661805|1118.2290340661805|30.0|1.0|0
7.668988733891619|1063.67743002624|1118.452618752895|1118.452618752895|30.0|1.0|0
7.681046892278241|1063.82979791166|1116.829028076992|1116.829028076992|30.0|1.0|0
7.6931050506648635|1064.66105344317|1115.151860949834|1115.151860949834|30.0|1.0|0
7.705163209051485|1062.80764191536|1115.454009099582|1115.454009099582|30.0|1.0|0
7.717221367438107|943.880378462091|1107.560465052125|1107.560465052125||1.0|0
7.7292795258247295|931.072734146721|1106.7965762044685|1106.7965762044685||1.0|0
7.741337684211351|918.265089831352|1106.032687356812|1106.032687356812||1.0|0
7.753395842597974|896.895304986305|1104.3596798325011|1104.3596798325011||1.0|0
7.765454000984596|881.375950261718|1102.5197040211347|1102.5197040211347||1.0|0
7.777512159371217|865.856595537131|1100.679728209768|1100.679728209768||1.0|0
7.78957031775784|857.36016027821|1099.993664436468|1099.993664436468||1.0|0
7.801628476144462|858.563057572984|1100.271716799574|1100.271716799574||1.0|0
7.813686634531083|857.7472478690361|1098.7471586521451|1098.7471586521451||1.0|0
7.825744792917706|856.931438165088|1097.222600504716|1097.222600504716||1.0|0
7.837802951304328|855.7686246523|1095.104370353793|1095.104370353793||1.0|0
7.849861109690949|855.012390282742|1095.806186308293|1095.806186308293||1.0|0
7.861919268077572|820.008681731422|1086.7711008052079|1086.7711008052079|31.0|1.0|0
7.873977426464194|805.586200509658|1084.5018768064729|1084.5018768064729|31.0|1.0|0
7.886035584850816|803.84351479796|1084.541527763245|1084.541527763245|31.0|1.0|0
7.898093743237438|800.329605665025|1086.317779917161|1086.317779917161|31.0|1.0|0
7.91015190162406|798.182538435469|1086.7631096682621|1086.7631096682621|31.0|1.0|0
7.922210060010682|797.407050307514|1087.164373351586|1087.164373351586|31.0|1.0|0
7.934268218397304|796.053774002648|1087.637030737468|1087.637030737468|31.0|1.0|0
7.946326376783926|795.371742526205|1091.725022717178|1091.725022717178|31.0|1.0|0
7.9583845351705484|795.3512369184747|1091.6553258625077|1091.6553258625077|31.0|1.0|0
7.97044269355717|795.3307313107443|1091.5856290078373|1091.5856290078373|31.0|1.0|0
7.982500851943792|795.310225703014|1091.515932153167|1091.515932153167|31.0|1.0|0
7.9945590103304145|794.638205281098|1093.611901311297|1093.611901311297|31.0|1.0|0
8.006617168717037|795.508173675866|1094.970539514873|1094.970539514873|31.0|1.0|0
8.018675327103658|795.795420969072|1094.975804515897|1094.975804515897|31.0|1.0|0
8.03073348549028|795.807982181957|1094.533936775074|1094.533936775074|31.0|1.0|0
8.042791643876903|795.7259569883095|1094.5102135430363|1094.5102135430363|31.0|1.0|0
8.054849802263524|795.643931794662|1094.486490310999|1094.486490310999|31.0|1.0|0
8.066907960650147|970.026705478359|976.991472857414|976.991472857414||1.0|0
8.07896611903677|962.595673364458|979.5253274215543|979.5253274215543||1.0|0
8.09102427742339|955.164641250558|982.0591819856941|982.0591819856941||1.0|0
8.103082435810013|966.8122639714741|1004.906580437672|1004.906580437672||1.0|0
8.115140594196635|978.45988669239|1027.75397888965|1027.75397888965||1.0|0
8.127198752583256|996.3457782660187|1050.2753428228118|1050.2753428228118||1.0|0
8.139256910969879|1014.23166983965|1072.796706755977|1072.796706755977||1.0|0
8.151315069356501|1016.19969437016|1079.3079068830311|1079.3079068830311||1.0|0
8.163373227743122|1023.0828771593|1114.476117914314|1114.476117914314||1.0|0
8.175431386129745|1023.57867583337|1117.380958394046|1117.380958394046||1.0|0
8.187489544516367|1024.20239519451|1117.808675639638|1117.808675639638||1.0|0
8.19954770290299|1024.14617304023|1116.3889044544399|1116.3889044544399||1.0|0
8.21160586128961|1024.08995088595|1114.9691332692419|1114.9691332692419||1.0|0
8.223664019676233|1025.44717742792|1115.1042727107579|1115.1042727107579||1.0|0
8.235722178062856|1035.1553661477858|1111.7179738033108|1111.7179738033108||1.0|0
8.247780336449477|1044.86355486765|1108.3316748958641|1108.3316748958641||1.0|0
8.2598384948361|1090.1528343554|1053.465048312089|1053.465048312089||1.0|0
8.271896653222722|1076.894165896939|1010.6971104225239|1010.6971104225239||1.0|0
8.283954811609343|1063.63549743848|967.929172532965|967.929172532965||1.0|0
8.296012969995965|1124.81601904988|901.706083142096|901.706083142096||1.0|0
8.308071128382588|1120.5955221239847|902.459468383388|902.459468383388||1.0|0
8.320129286769209|1116.37502519809|903.21285362468|903.21285362468||1.0|0
8.332187445155832|1114.35205095233|933.509499356227|933.509499356227||1.0|0
8.344245603542454|1119.75704558709|976.275205258582|976.275205258582||1.0|0
8.356303761929075|1109.05485771481|1054.654631968072|1054.654631968072||1.0|0
8.368361920315698|1102.97435738798|1104.407623088694|1104.407623088694||1.0|0
8.38042007870232|1116.77666598801|1117.374898637388|1117.374898637388||1.0|0
8.392478237088941|1142.60312932412|1119.247485725628|1119.247485725628||1.0|0
8.404536395475564|1142.84762037136|1121.541322220374|1121.541322220374||1.0|0
8.416594553862186|1146.7870882627103|1121.802580856332|1121.802580856332||1.0|0
8.428652712248807|1150.72655615406|1122.06383949229|1122.06383949229||1.0|0
8.44071087063543|1165.12700302896|1123.225984935286|1123.225984935286||1.0|0
8.452769029022052|1176.15234137116|1122.886011249536|1122.886011249536||1.0|0
8.464827187408675|1190.91877223124|1123.627964821561|1123.627964821561||1.0|0
8.476885345795296|1198.46987924822|1123.2667400313471|1123.2667400313471|32.0|1.0|0
8.488943504181918|1229.48309554089|1123.382387074882|1123.382387074882|32.0|1.0|0
8.501001662568541|1232.86250712423|1122.2097145454659|1122.2097145454659|32.0|1.0|0
8.513059820955162|1233.9270246766|1121.8872270852971|1121.8872270852971|32.0|1.0|0
8.525117979341784|1237.65759956306|1118.141339830393|1118.141339830393|32.0|1.0|0
8.537176137728407|1237.8714293452|1117.6081803833797|1117.6081803833797|32.0|1.0|0
8.549234296115028|1238.08525912734|1117.0750209363662|1117.0750209363662|32.0|1.0|0
8.56129245450165|1238.29908890948|1116.5418614893529|1116.5418614893529|32.0|1.0|0
8.573350612888273|1238.70259083901|1114.7424716478308|1114.7424716478308|32.0|1.0|0
8.585408771274894|1239.10609276854|1112.943081806309|1112.943081806309||1.0|0
8.597466929661516|1236.33505378315|1107.702935230977|1107.702935230977||1.0|0
8.609525088048139|1236.17183367718|1106.629760852886|1106.629760852886||1.0|0
8.62158324643476|1235.01673658407|1101.688504349732|1101.688504349732||1.0|0
8.633641404821383|1242.07597728306|1098.539457939975|1098.539457939975||1.0|0
8.645699563208005|1240.14005285695|1099.334047657348|1099.334047657348||1.0|0
8.657757721594626|1271.09909194992|1101.669438191466|1101.669438191466||1.0|0
8.669815879981249|1341.90693840295|1111.8640553219661|1111.8640553219661||1.0|0
8.681874038367871|1372.17375017145|1116.705750488214|1116.705750488214||1.0|0
8.693932196754492|1381.64732681331|1117.565843191781|1117.565843191781|33.0|1.0|0
8.705990355141115|1391.2744401732|1116.9691101915241|1116.9691101915241|33.0|1.0|0
8.718048513527737|1398.0622357821|1116.1401551966119|1116.1401551966119|33.0|1.0|0
8.73010667191436|1403.4051310824605|1112.9735364737658|1112.9735364737658|33.0|1.0|0
8.74216483030098|1408.74802638282|1109.80691775092|1109.80691775092|33.0|1.0|0
8.754222988687603|1410.65822160356|1106.390741446604|1106.390741446604|33.0|1.0|0
8.766281147074226|1412.5684168243|1102.974565142288|1102.974565142288|33.0|1.0|0
8.778339305460847|1413.5966746046|1101.260868321543|1101.260868321543|33.0|1.0|0
8.79039746384747|1410.20609152759|1106.462415063627|1106.462415063627|33.0|1.0|0
8.802455622234092|1410.037511373575|1105.9312991337915|1105.9312991337915|33.0|1.0|0
8.814513780620713|1409.86893121956|1105.400183203956|1105.400183203956|33.0|1.0|0
8.826571939007335|1409.48187824068|1103.92122335166|1103.92122335166|33.0|1.0|0
8.838630097393958|1409.5187714247502|1100.8076083180501|1100.8076083180501|33.0|1.0|0
8.850688255780579|1409.55566460882|1097.693993284441|1097.693993284441||1.0|0
8.862746414167201|1409.52102568243|1097.2477288543168|1097.2477288543168||1.0|0
8.874804572553824|1409.48638675604|1096.801464424193|1096.801464424193||1.0|0
8.886862730940445|1410.04792969806|1097.899153509559|1097.899153509559||1.0|0
8.898920889327067|1411.51547651551|1098.0784962782059|1098.0784962782059||1.0|0
8.91097904771369|1412.31422994021|1097.722251930572|1097.722251930572||1.0|0
8.923037206100311|1328.8022389220482|1082.344410130181|1082.344410130181||1.0|0
8.935095364486934|1245.2902479038742|1066.9665683297874|1066.9665683297874||1.0|0
8.947153522873556|1161.7782568857|1051.588726529394|1051.588726529394||1.0|0
8.959211681260177|1079.13627696653|1035.943864918237|1035.943864918237||1.0|0
8.9712698396468|1050.70624919547|1031.804416627024|1031.804416627024|34.0|1.0|0
8.983327998033422|1033.04513359616|1029.5673651791071|1029.5673651791071|34.0|1.0|0
8.995386156420045|1028.2254734170397|1029.480432234604|1029.480432234604|34.0|1.0|0
9.007444314806666|1023.40581323792|1029.3934992901009|1029.3934992901009|34.0|1.0|0
9.019502473193288|1025.21174183187|1029.689005027348|1029.689005027348|34.0|1.0|0
9.03156063157991|1024.9821053122|1029.279749163705|1029.279749163705|34.0|1.0|0
9.043618789966532|1024.96537204901|1028.6245101204227|1028.6245101204227|34.0|1.0|0
9.055676948353154|1024.94863878582|1027.96927107714|1027.96927107714|34.0|1.0|0
9.067735106739777|1025.27886143201|1027.94568596015|1027.94568596015|34.0|1.0|0
9.079793265126398|1025.351149725965|1028.289937118611|1028.289937118611|34.0|1.0|0
9.09185142351302|1025.42343801992|1028.634188277072|1028.634188277072|34.0|1.0|0
9.103909581899643|1024.52991775217|1032.242119460677|1032.242119460677|34.0|1.0|0
9.115967740286264|1008.16734331831|1025.678348349291|1025.678348349291|34.0|1.0|0
9.128025898672886|969.649274196968|1008.5333103327109|1008.5333103327109||1.0|0
9.140084057059509|952.258413748001|1000.418015128033|1000.418015128033||1.0|0
9.15214221544613|942.9836220092117|994.996337084197|994.996337084197||1.0|0
9.164200373832752|933.708830270421|989.5746590403601|989.5746590403601|35.0|1.0|0
9.176258532219375|914.128757849167|981.263069890505|981.263069890505|35.0|1.0|0
9.188316690605996|912.6259895395671|980.7874624620715|980.7874624620715|35.0|1.0|0
9.200374848992618|911.123221229967|980.311855033638|980.311855033638|35.0|1.0|0
9.212433007379241|909.158863851227|978.690422484126|978.690422484126|35.0|1.0|0
9.224491165765862|908.593642833443|978.861669181235|978.861669181235|35.0|1.0|0
9.236549324152485|908.028421815659|979.0329158783439|979.0329158783439|35.0|1.0|0
9.248607482539107|907.463200797875|979.204162575453|979.204162575453|35.0|1.0|0
9.26066564092573|906.693030807815|979.7987873493801|979.7987873493801|35.0|1.0|0
9.27272379931235|906.4568995670676|980.6358739029205|980.6358739029205|35.0|1.0|0
9.284781957698973|906.22076832632|981.472960456461|981.472960456461|35.0|1.0|0
9.296840116085596|905.959192304677|981.909453280141|981.909453280141|35.0|1.0|0
9.308898274472217|905.786477955486|981.416555749515|981.416555749515|35.0|1.0|0
9.32095643285884|905.7311143493605|981.405231331306|981.405231331306|35.0|1.0|0
9.333014591245462|905.675750743235|981.393906913097|981.393906913097|35.0|1.0|0
9.345072749632083|906.105701695248|982.088793955714|982.088793955714|35.0|1.0|0
9.357130908018705|911.846044638742|979.793590945034|979.793590945034|35.0|1.0|0
9.369189066405328|910.785055792826|980.4509020518419|980.4509020518419|35.0|1.0|0
9.381247224791949|936.311584333079|980.280452864537|980.280452864537|35.0|1.0|0
9.393305383178571|1042.0406283093446|981.6311639625625|981.6311639625625||1.0|0
9.405363541565194|1147.76967228561|982.981875060588|982.981875060588|36.0|1.0|0
9.417421699951815|1161.68662593627|983.7878659872611|983.7878659872611|36.0|1.0|0
9.429479858338437|1167.4593631038301|983.7141969655255|983.7141969655255|36.0|1.0|0
9.44153801672506|1173.23210027139|983.64052794379|983.64052794379|36.0|1.0|0
9.45359617511168|1182.92608665475|983.130192676147|983.130192676147|36.0|1.0|0
9.465654333498303|1184.4360021293066|983.0079305633379|983.0079305633379|36.0|1.0|0
9.477712491884926|1185.9459176038636|982.885668450529|982.885668450529|36.0|1.0|0
9.489770650271547|1187.45583307842|982.76340633772|982.76340633772|36.0|1.0|0
9.50182880865817|1187.11141312263|983.5280309632369|983.5280309632369|36.0|1.0|0
9.513886967044792|1187.21460825066|983.44235498249|983.44235498249|36.0|1.0|0
9.525945125431413|1186.62905217601|983.477990407348|983.477990407348|36.0|1.0|0
9.538003283818036|1186.91879091228|983.9981858923011|983.9981858923011|36.0|1.0|0
9.550061442204658|1186.627646846665|985.642702905253|985.642702905253|36.0|1.0|0
9.56211960059128|1186.33650278105|987.287219918205|987.287219918205|36.0|1.0|0
9.574177758977902|1186.74746818415|986.878692353019|986.878692353019|36.0|1.0|0
9.586235917364524|1189.78747524061|986.065175676109|986.065175676109|36.0|1.0|0
9.598294075751147|1192.4377455463|985.928463974559|985.928463974559|36.0|1.0|0
9.610352234137768|1210.78766907759|983.9901916400111|983.9901916400111||1.0|0
9.62241039252439|1224.8514692516549|982.501302941171|982.501302941171||1.0|0
9.634468550911013|1238.91526942572|981.012414242331|981.012414242331||1.0|0
9.646526709297634|1276.15043120055|978.863622069911|978.863622069911||1.0|0
9.658584867684256|1298.42740973672|971.976361321904|971.976361321904|37.0|1.0|0
9.670643026070879|1303.48308012164|967.8397664488671|967.8397664488671|37.0|1.0|0
9.6827011844575|1304.36766062126|966.615908215129|966.615908215129|37.0|1.0|0
9.694759342844122|1304.22165444895|964.001997004351|964.001997004351|37.0|1.0|0
9.706817501230745|1304.863882814125|963.0579831807854|963.0579831807854|37.0|1.0|0
9.718875659617366|1305.5061111793|962.11396935722|962.11396935722|37.0|1.0|0
9.730933818003988|1306.281983073585|960.1593962359575|960.1593962359575|37.0|1.0|0
9.742991976390611|1307.05785496787|958.204823114695|958.204823114695|37.0|1.0|0
9.755050134777232|1306.26966187873|962.065010989166|962.065010989166|37.0|1.0|0
9.767108293163854|1306.22004287373|963.305603041351|963.305603041351|37.0|1.0|0
9.779166451550477|1307.08110006194|964.088190536617|964.088190536617|37.0|1.0|0
9.791224609937098|1307.87004254341|963.125480684052|963.125480684052|37.0|1.0|0
9.80328276832372|1308.39710751119|960.2832660156309|960.2832660156309|37.0|1.0|0
9.815340926710343|1307.683610928325|960.034876102947|960.034876102947|37.0|1.0|0
9.827399085096966|1306.97011434546|959.7864861902631|959.7864861902631|37.0|1.0|0
9.839457243483587|1283.42522300733|933.0885847462209|933.0885847462209||1.0|0
9.85151540187021|1275.3617430435052|925.170807302716|925.170807302716||1.0|0
9.863573560256832|1267.29826307968|917.253029859211|917.253029859211||1.0|0
9.875631718643453|1258.37968289854|907.80756119665|907.80756119665||1.0|0
9.887689877030075|1251.7574719597|901.468358455169|901.468358455169||1.0|0
9.899748035416698|1249.14126333983|900.679659310595|900.679659310595||1.0|0
9.911806193803319|1249.18545869913|900.176121328918|900.176121328918||1.0|0
9.923864352189941|1248.53867855878|900.669682963239|900.669682963239||1.0|0
9.935922510576564|1249.66723298938|899.988714127512|899.988714127512||1.0|0
9.947980668963185|1248.540674088|899.765719502691|899.765719502691||1.0|0
9.960038827349807|1209.49452488835|896.272698954789|896.272698954789||1.0|0
9.97209698573643|1184.01785326376|894.67706657723|894.67706657723||1.0|0
9.98415514412305|1155.93969107249|896.129982918345|896.129982918345|38.0|1.0|0
9.996213302509673|1150.35457230749|895.234435987827|895.234435987827|38.0|1.0|0
10.008271460896296|1147.8204346596|894.769094628442|894.769094628442|38.0|1.0|0
10.020329619282917|1142.73844770212|890.932365719524|890.932365719524|38.0|1.0|0
10.03238777766954|1142.345759055465|891.1578697908175|891.1578697908175|38.0|1.0|0
10.044445936056162|1141.95307040881|891.383373862111|891.383373862111|38.0|1.0|0
10.056504094442783|1138.07075546015|885.93056208487|885.93056208487|38.0|1.0|0
10.068562252829405|1137.9219854012367|886.3672161894707|886.3672161894707|38.0|1.0|0
10.080620411216028|1137.7732153423233|886.8038702940713|886.8038702940713|38.0|1.0|0
10.09267856960265|1137.62444528341|887.240524398672|887.240524398672|38.0|1.0|0
10.104736727989271|1138.15342183764|887.531663825459|887.531663825459|38.0|1.0|0
10.116794886375894|1136.91966470038|888.365297401208|888.365297401208|38.0|1.0|0
10.128853044762517|1162.257201438|890.600828523839|890.600828523839|38.0|1.0|0
10.140911203149138|1393.98913187627|905.62858702803|905.62858702803||1.0|0
10.15296936153576|1406.24144469491|906.570609243313|906.570609243313||1.0|0
10.165027519922383|1431.45918078115|907.09456209211|907.09456209211|39.0|1.0|0
10.177085678309004|1441.63821582762|906.637891779055|906.637891779055|39.0|1.0|0
10.189143836695626|1448.57442245921|904.9693818608125|904.9693818608125|39.0|1.0|0
10.201201995082249|1455.5106290908|903.30087194257|903.30087194257|39.0|1.0|0
10.21326015346887|1459.52061895955|899.260291759156|899.260291759156|39.0|1.0|0
10.225318311855492|1462.61124169759|898.850995761752|898.850995761752|39.0|1.0|0
10.237376470242115|1461.40474123787|898.9696644785445|898.9696644785445|39.0|1.0|0
10.249434628628736|1460.19824077815|899.088333195337|899.088333195337|39.0|1.0|0
10.261492787015358|1460.219650857175|898.658764927413|898.658764927413|39.0|1.0|0
10.27355094540198|1460.2410609362|898.229196659489|898.229196659489|39.0|1.0|0
10.285609103788602|1460.0307872284|905.153435420322|905.153435420322|39.0|1.0|0
10.297667262175224|1459.17104708431|905.618965196418|905.618965196418|39.0|1.0|0
10.309725420561847|1458.483723521825|907.0622241656436|907.0622241656436|39.0|1.0|0
10.321783578948468|1457.79639995934|908.505483134869|908.505483134869|39.0|1.0|0
10.33384173733509|1454.58945729614|911.308071289487|911.308071289487|39.0|1.0|0
10.345899895721713|1453.7526250257|912.703666365016|912.703666365016|39.0|1.0|0
10.357958054108336|1431.19845561775|911.138642997514|911.138642997514|39.0|1.0|0
10.370016212494956|1329.1763732956674|902.0729545448446|902.0729545448446||1.0|0
10.382074370881579|1227.15429097357|893.007266092174|893.007266092174||1.0|0
10.394132529268202|1086.866555892243|881.8699348329427|881.8699348329427||1.0|0
10.406190687654822|946.578820810937|870.732603573713|870.732603573713|40.0|1.0|0
10.418248846041445|938.9868213129845|869.686615388938|869.686615388938|40.0|1.0|0
10.430307004428068|931.394821815032|868.640627204163|868.640627204163|40.0|1.0|0
10.442365162814689|921.143046873858|869.361397532658|869.361397532658|40.0|1.0|0
10.454423321201311|915.088794808428|869.638930145438|869.638930145438|40.0|1.0|0
10.466481479587934|910.915474656008|867.531643888014|867.531643888014|40.0|1.0|0
10.478539637974555|912.116686055369|868.694774412531|868.694774412531|40.0|1.0|0
10.490597796361177|912.160948513456|867.500982444766|867.500982444766|40.0|1.0|0
10.5026559547478|911.83424452537|866.893475122603|866.893475122603|40.0|1.0|0
10.51471411313442|912.159511856123|866.285708534938|866.285708534938|40.0|1.0|0
10.526772271521043|912.095431667991|866.411297830417|866.411297830417|40.0|1.0|0
10.538830429907666|911.3227977036594|865.822568110787|865.822568110787|40.0|1.0|0
10.550888588294287|910.550163739328|865.233838391157|865.233838391157|40.0|1.0|0
10.56294674668091|866.762839021979|856.471885384089|856.471885384089||1.0|0
10.575004905067532|853.2483018168765|853.7903569170057|853.7903569170057||1.0|0
10.587063063454153|839.733764611776|851.108828449923|851.108828449923||1.0|0
10.599121221840775|821.939425490307|847.546464640028|847.546464640028|41.0|1.0|0
10.611179380227398|812.6305463216833|847.7413517045641|847.7413517045641|41.0|1.0|0
10.62323753861402|803.3216671530594|847.9362387691001|847.9362387691001|41.0|1.0|0
10.635295697000641|794.012787984437|848.131125833636|848.131125833636|41.0|1.0|0
10.647353855387264|792.584307827783|856.409253605731|856.409253605731|41.0|1.0|0
10.659412013773887|792.626255643594|854.103181372923|854.103181372923|41.0|1.0|0
10.671470172160507|792.327802538826|854.337211020269|854.337211020269|41.0|1.0|0
10.68352833054713|794.206859169965|853.115074221918|853.115074221918|41.0|1.0|0
10.695586488933753|793.90126923296|854.09824014144|854.09824014144|41.0|1.0|0
10.707644647320373|794.5455283563549|853.443986624257|853.443986624257|41.0|1.0|0
10.719702805706996|795.18978747975|852.789733107074|852.789733107074|41.0|1.0|0
10.731760964093619|857.245732996082|768.158881406586|768.158881406586||1.0|0
10.74381912248024|878.047907422094|742.088291828085|742.088291828085||1.0|0
10.755877280866862|899.228333941284|716.125466827346|716.125466827346||1.0|0
10.767935439253485|912.406670669585|700.040022848489|700.040022848489||1.0|0
10.779993597640106|917.4894210189341|693.0629475907406|693.0629475907406|42.0|1.0|0
10.792051756026728|922.572171368284|686.085872332991|686.085872332991|42.0|1.0|0
10.80410991441335|928.542259372296|677.066699664719|677.066699664719|42.0|1.0|0
10.816168072799972|931.14791758026|672.610548291229|672.610548291229|42.0|1.0|0
10.828226231186594|932.678640987152|670.846431750011|670.846431750011|42.0|1.0|0
10.840284389573217|932.599307348011|668.663633907423|668.663633907423|42.0|1.0|0
10.852342547959838|932.522864768001|668.218102133859|668.218102133859|42.0|1.0|0
10.86440070634646|933.749017458605|665.577992518005|665.577992518005|42.0|1.0|0
10.876458864733083|929.224771735611|661.033691176011|661.033691176011|42.0|1.0|0
10.888517023119705|913.097532071192|648.784158768203|648.784158768203|42.0|1.0|0
10.900575181506326|905.584425582043|644.763127133259|644.763127133259|42.0|1.0|0
10.912633339892949|904.472749758112|644.451396972276|644.451396972276|42.0|1.0|0
10.924691498279572|903.606066128934|644.078736554157|644.078736554157|42.0|1.0|0
10.936749656666192|897.633431040748|640.3401767026382|640.3401767026382|42.0|1.0|0
10.948807815052815|891.660795952561|636.601616851119|636.601616851119|42.0|1.0|0
10.960865973439438|890.562578114346|635.416273298215|635.416273298215|42.0|1.0|0
10.972924131826058|890.6651714584705|634.8667478116625|634.8667478116625|42.0|1.0|0
10.984982290212681|890.767764802595|634.31722232511|634.31722232511|42.0|1.0|0
10.997040448599304|890.652182182695|634.16896456452|634.16896456452|42.0|1.0|0
11.009098606985924|890.6459741492625|633.3025437960741|633.3025437960741|42.0|1.0|0
11.021156765372547|890.63976611583|632.436123027628|632.436123027628|42.0|1.0|0
11.03321492375917|863.932610477199|630.641393252158|630.641393252158||1.0|0
11.04527308214579|856.504272913354|627.834183451462|627.834183451462||1.0|0
11.057331240532413|853.276968034686|625.961831508075|625.961831508075||1.0|0
11.069389398919036|851.969059777192|625.204995690167|625.204995690167||1.0|0
11.081447557305657|850.193381859673|626.951863213581|626.951863213581||1.0|0
11.09350571569228|859.674806417881|624.200438602391|624.200438602391||1.0|0
11.105563874078902|1007.15263301353|550.734036368968|550.734036368968||1.0|0
11.117622032465523|1018.73129922584|545.133366617671|545.133366617671||1.0|0
11.129680190852145|1024.376410221755|542.2751348478964|542.2751348478964||1.0|0
11.141738349238768|1030.02152121767|539.416903078122|539.416903078122||1.0|0
11.15379650762539|1034.78512731487|537.101018867404|537.101018867404||1.0|0
11.165854666012011|1036.9148913320498|536.1013314576496|536.1013314576496|43.0|1.0|0
11.177912824398634|1039.04465534923|535.101644047895|535.101644047895|43.0|1.0|0
11.189970982785256|1059.35872479491|521.927893481394|521.927893481394|43.0|1.0|0
11.202029141171877|1060.94521391853|515.493095061679|515.493095061679|43.0|1.0|0
11.2140872995585|1060.7790278909|512.385920570035|512.385920570035|43.0|1.0|0
11.226145457945123|1061.044410312735|512.334787351287|512.334787351287|43.0|1.0|0
11.238203616331743|1061.30979273457|512.283654132539|512.283654132539|43.0|1.0|0
11.250261774718366|1061.304996051505|511.6824384780135|511.6824384780135|43.0|1.0|0
11.262319933104989|1061.30019936844|511.081222823488|511.081222823488|43.0|1.0|0
11.27437809149161|1083.23780038776|511.453191177319|511.453191177319||1.0|0
11.286436249878232|1246.86732135755|510.13839376112696|510.13839376112696|44.0|1.0|0
11.298494408264855|1252.81685160478|509.00516794567295|509.00516794567295|44.0|1.0|0
11.310552566651475|1258.6686823579|507.42417693458003|507.42417693458003|44.0|1.0|0
11.322610725038098|1261.03847382079|506.70825323774204|506.70825323774204|44.0|1.0|0
11.33466888342472|1264.099760183|506.31353276313996|506.31353276313996|44.0|1.0|0
11.346727041811342|1267.78911183166|506.197153732928|506.197153732928|44.0|1.0|0
11.358785200197964|1270.33576617753|504.595757836047|504.595757836047|44.0|1.0|0
11.370843358584587|1274.15001087084|501.794183319729|501.794183319729|44.0|1.0|0
11.382901516971208|1269.29558354518|505.887216298153|505.887216298153|44.0|1.0|0
11.39495967535783|1270.02172410104|505.7438486189405|505.7438486189405|44.0|1.0|0
11.407017833744453|1270.7478646569|505.60048093972796|505.60048093972796|44.0|1.0|0
11.419075992131075|1270.32215342509|508.049343837593|508.049343837593|44.0|1.0|0
11.431134150517696|1273.37729797805|507.000626469587|507.000626469587|44.0|1.0|0
11.443192308904319|1271.79644039352|507.84434172159104|507.84434172159104|44.0|1.0|0
11.455250467290941|1263.98400699433|514.776135075653|514.776135075653|44.0|1.0|0
11.467308625677562|1203.46574235694|585.117492845673|585.117492845673||1.0|0
11.479366784064185|1200.78533657363|586.587373076919|586.587373076919|45.0|1.0|0
11.491424942450807|1195.66136373533|589.827429238107|589.827429238107|45.0|1.0|0
11.503483100837428|1189.9762669107|595.1272088605|595.1272088605|45.0|1.0|0
11.515541259224051|1186.13969554581|600.371942789728|600.371942789728|45.0|1.0|0
11.527599417610674|1182.30312418092|605.616676718956|605.616676718956|45.0|1.0|0
11.539657575997294|1180.82668810855|603.709879631642|603.709879631642|45.0|1.0|0
11.551715734383917|1178.47261209622|601.606943575258|601.606943575258|45.0|1.0|0
11.56377389277054|1178.28468907686|601.138407360894|601.138407360894|45.0|1.0|0
11.57583205115716|1178.41266449567|601.548368174505|601.548368174505|45.0|1.0|0
11.587890209543783|1179.01622266915|600.289810870377|600.289810870377|45.0|1.0|0
11.599948367930406|1179.61978084263|599.031253566249|599.031253566249|45.0|1.0|0
11.612006526317026|1180.70705500439|599.364513377096|599.364513377096|45.0|1.0|0
11.624064684703649|1180.074184524575|599.280896690022|599.280896690022|45.0|1.0|0
11.636122843090272|1179.44131404476|599.197280002948|599.197280002948|45.0|1.0|0
11.648181001476893|1175.98255396483|594.101815045462|594.101815045462|45.0|1.0|0
11.660239159863515|1168.55688883203|581.8280513479625|581.8280513479625|45.0|1.0|0
11.672297318250138|1161.13122369923|569.554287650463|569.554287650463|45.0|1.0|0
11.68435547663676|1163.74260894288|572.834618951828|572.834618951828|45.0|1.0|0
11.696413635023381|1163.4051744213|565.947555654856|565.947555654856|45.0|1.0|0
11.708471793410004|1163.21300554096|564.506135654222|564.506135654222|45.0|1.0|0
11.720529951796626|1163.19786247381|563.086085393114|563.086085393114|45.0|1.0|0
11.732588110183247|1157.8073590853|548.979831758711|548.979831758711|45.0|1.0|0
11.74464626856987|1157.99722757967|546.9855358850095|546.9855358850095|45.0|1.0|0
11.756704426956492|1158.18709607404|544.991240011308|544.991240011308|45.0|1.0|0
11.768762585343113|1159.29559573263|546.610090474873|546.610090474873|45.0|1.0|0
11.780820743729736|1165.303988186|543.666885992004|543.666885992004|45.0|1.0|0
11.792878902116358|1182.52926526238|542.980199544452|542.980199544452||1.0|0
11.80493706050298|1211.6915236382|546.489078377158|546.489078377158||1.0|0
11.816995218889602|1234.80598199733|550.110689641956|550.110689641956||1.0|0
11.829053377276225|1247.67532592454|552.34353711211|552.34353711211||1.0|0
11.841111535662845|1287.00493163826|560.211852793131|560.211852793131||1.0|0
11.853169694049468|1296.60958786066|561.954531035241|561.954531035241||1.0|0
11.86522785243609|1390.85203993213|579.707929820109|579.707929820109|46.0|1.0|0
11.877286010822711|1392.40543418449|580.060319584207|580.060319584207|46.0|1.0|0
11.889344169209334|1392.44783551191|580.0080287485705|580.0080287485705|46.0|1.0|0
11.901402327595957|1392.49023683933|579.955737912934|579.955737912934|46.0|1.0|0
11.913460485982577|1390.72329993681|577.85181770032|577.85181770032|46.0|1.0|0
11.9255186443692|1391.0201536908|577.188740820911|577.188740820911|46.0|1.0|0
11.937576802755823|1391.78613023703|577.939694320883|577.939694320883|46.0|1.0|0
11.949634961142445|1392.38158763129|576.705494856988|576.705494856988|46.0|1.0|0
11.961693119529066|1394.02005410217|573.938235807698|573.938235807698|46.0|1.0|0
11.973751277915689|1388.3309146515|572.814305680796|572.814305680796|46.0|1.0|0
11.985809436302311|1362.80244239704|567.196220386657|567.196220386657|46.0|1.0|0
11.997867594688932|1327.7223874403835|560.3576073493041|560.3576073493041||1.0|0
12.009925753075555|1292.6423324837217|553.51899431195|553.51899431195||1.0|0
12.021983911462177|1257.56227752706|546.680381274596|546.680381274596||1.0|0
12.034042069848798|1250.30657818143|545.051942101238|545.051942101238||1.0|0
12.04610022823542|1240.69672715752|542.671757607706|542.671757607706||1.0|0
12.058158386622043|1234.79120102158|541.638826924865|541.638826924865||1.0|0
12.070216545008664|1197.69433093147|534.8453242254|534.8453242254||1.0|0
12.082274703395287|1197.09747064982|535.269219032155|535.269219032155||1.0|0
12.09433286178191|1191.65350030223|533.135618645372|533.135618645372||1.0|0
12.10639102016853|1188.62459297899|528.213097472461|528.213097472461||1.0|0
12.118449178555153|1188.59174459356|528.080842995593|528.080842995593||1.0|0
12.130507336941776|1188.5588962081301|527.9485885187249|527.9485885187249||1.0|0
12.142565495328396|1188.5260478227|527.816334041857|527.816334041857||1.0|0
12.154623653715019|1179.18817562157|526.014004402523|526.014004402523||1.0|0
12.166681812101642|1147.33708041494|533.205741356421|533.205741356421||1.0|0
12.178739970488262|930.736254791699|581.832474787787|581.832474787787||1.0|0
12.190798128874885|918.797294320055|584.621043311935|584.621043311935||1.0|0
12.202856287261508|906.858333848411|587.4096118360831|587.4096118360831||1.0|0
12.21491444564813|894.919373376767|590.198180360231|590.198180360231||1.0|0
12.226972604034751|872.123128272508|596.376831307864|596.376831307864|47.0|1.0|0
12.239030762421374|852.32068629271|601.279527478184|601.279527478184|47.0|1.0|0
12.251088920807996|844.577617937382|602.835138866117|602.835138866117|47.0|1.0|0
12.263147079194617|846.185210289723|602.200531257611|602.200531257611|47.0|1.0|0
12.27520523758124|845.077388029022|602.436403558617|602.436403558617|47.0|1.0|0
12.287263395967862|844.396201554445|602.132932076755|602.132932076755|47.0|1.0|0
12.299321554354483|844.852578410354|601.56842774192|601.56842774192|47.0|1.0|0
12.311379712741106|844.9119614781409|601.613285415723|601.613285415723|47.0|1.0|0
12.323437871127728|844.971344545928|601.658143089526|601.658143089526|47.0|1.0|0
12.33549602951435|846.079395112684|603.22303792179|603.22303792179|47.0|1.0|0
12.347554187900972|857.265731395526|595.760315586694|595.760315586694|47.0|1.0|0
12.359612346287594|868.452067678368|588.297593251598|588.297593251598|47.0|1.0|0
12.371670504674215|867.6204286161075|555.2841485499235|555.2841485499235||1.0|0
12.383728663060838|866.7887895538468|522.2707038482444|522.2707038482444||1.0|0
12.39578682144746|865.957150491586|489.25725914656505|489.25725914656505||1.0|0
12.407844979834081|879.251551195857|386.7587117830301|386.7587117830301||1.0|0
12.419903138220704|937.469842632638|368.40218776903|368.40218776903||1.0|0
12.431961296607327|990.144764399958|411.05798616077004|411.05798616077004||1.0|0
12.444019454993947|1014.38095765339|467.38361749351395|467.38361749351395||1.0|0
12.45607761338057|1014.11087820152|491.61048217347104|491.61048217347104||1.0|0
12.468135771767193|1005.01230190439|513.697435229775|513.697435229775||1.0|0
12.480193930153813|1006.26784997176|552.136101749953|552.136101749953||1.0|0
12.492252088540436|1001.3368433316024|571.6625277690314|571.6625277690314||1.0|0
12.504310246927059|996.4058366914446|591.1889537881096|591.1889537881096||1.0|0
12.516368405313681|991.474830051287|610.715379807188|610.715379807188||1.0|0
12.528426563700302|997.347020539017|622.198030491402|622.198030491402||1.0|0
12.540484722086925|996.545051915501|624.340926400266|624.340926400266||1.0|0
12.552542880473547|995.399726674202|626.668291433225|626.668291433225||1.0|0
12.564601038860168|994.826063719736|627.525682665488|627.525682665488||1.0|0
12.57665919724679|994.837460369044|628.5658891044666|628.5658891044666||1.0|0
12.588717355633413|994.848857018352|629.606095543445|629.606095543445||1.0|0
12.600775514020034|1040.87610267631|629.398505803111|629.398505803111||1.0|0
12.612833672406657|1081.55071780849|629.761382874616|629.761382874616||1.0|0
12.62489183079328|1114.38182630531|635.180063648447|635.180063648447|48.0|1.0|0
12.6369499891799|1132.26004860017|632.807433813633|632.807433813633|48.0|1.0|0
12.649008147566523|1137.41864142917|630.345308206111|630.345308206111|48.0|1.0|0
12.661066305953145|1141.61833460925|630.336472229671|630.336472229671|48.0|1.0|0
12.673124464339766|1143.77190247833|632.24280912821|632.24280912821|48.0|1.0|0
12.685182622726389|1143.830091991575|632.5084512836315|632.5084512836315|48.0|1.0|0
12.697240781113011|1143.88828150482|632.774093439053|632.774093439053|48.0|1.0|0
12.709298939499632|1144.56588654833|631.881942244578|631.881942244578|48.0|1.0|0
12.721357097886255|1144.21340722912|630.104112791629|630.104112791629|48.0|1.0|0
12.733415256272878|1144.223248649745|630.0703257031339|630.0703257031339|48.0|1.0|0
12.745473414659498|1144.23309007037|630.036538614639|630.036538614639|48.0|1.0|0
12.757531573046121|1144.4842489982|631.710209549178|631.710209549178|48.0|1.0|0
12.769589731432744|1145.7628730617648|631.6881848049279|631.6881848049279|48.0|1.0|0
12.781647889819366|1147.04149712533|631.666160060678|631.666160060678|48.0|1.0|0
12.793706048205987|1159.8853334105|631.405822424902|631.405822424902||1.0|0
12.80576420659261|1204.89396979681|631.777343184964|631.777343184964||1.0|0
12.817822364979232|1217.34403693564|632.361719261569|632.361719261569|49.0|1.0|0
12.829880523365853|1223.46351128034|631.60015941444|631.60015941444|49.0|1.0|0
12.841938681752476|1227.82925874018|629.582155853751|629.582155853751|49.0|1.0|0
12.853996840139098|1230.60739039453|628.60327152135|628.60327152135|49.0|1.0|0
12.866054998525719|1233.01879956243|627.818514809413|627.818514809413|49.0|1.0|0
12.878113156912342|1241.2758334044852|626.1437328485905|626.1437328485905|49.0|1.0|0
12.890171315298964|1249.53286724654|624.468950887768|624.468950887768|49.0|1.0|0
12.902229473685585|1249.41340139157|623.579740279295|623.579740279295|49.0|1.0|0
12.914287632072208|1249.52294693813|623.743366042674|623.743366042674|49.0|1.0|0
12.92634579045883|1249.86694085113|622.946807053979|622.946807053979|49.0|1.0|0
12.938403948845451|1250.01507956467|623.255123914413|623.255123914413|49.0|1.0|0
12.950462107232074|1252.07587127233|622.728058637985|622.728058637985|49.0|1.0|0
12.962520265618696|1284.24326020244|622.167118476261|622.167118476261||1.0|0
12.974578424005317|1315.25879682709|625.247754603792|625.247754603792|50.0|1.0|0
12.98663658239194|1315.0993026589033|625.0942277068074|625.0942277068074|50.0|1.0|0
12.998694740778562|1314.9398084907168|624.9407008098227|624.9407008098227|50.0|1.0|0
13.010752899165183|1314.78031432253|624.787173912838|624.787173912838|50.0|1.0|0
13.022811057551806|1319.0534535348|624.459612511663|624.459612511663|50.0|1.0|0
13.034869215938429|1319.60837533684|623.422827069851|623.422827069851|50.0|1.0|0
13.046927374325051|1317.23566944281|621.367103863609|621.367103863609|50.0|1.0|0
13.058985532711672|1318.77253550228|622.934414872277|622.934414872277|50.0|1.0|0
13.071043691098295|1320.45096626841|623.263847421147|623.263847421147|50.0|1.0|0
13.083101849484917|1320.45045014068|623.584612608257|623.584612608257|50.0|1.0|0
13.095160007871538|1320.17409897614|624.707193551492|624.707193551492|50.0|1.0|0
13.10721816625816|1319.97006210794|624.2673484965325|624.2673484965325|50.0|1.0|0
13.119276324644783|1319.76602523974|623.827503441573|623.827503441573|50.0|1.0|0
13.131334483031404|1318.60836953019|624.350390979931|624.350390979931|50.0|1.0|0
13.143392641418027|1281.62824349348|627.1509584026355|627.1509584026355|50.0|1.0|0
13.15545079980465|1244.64811745677|629.95152582534|629.95152582534||1.0|0
13.16750895819127|1244.64811745677|629.95152582534|629.95152582534|51.0|1.0|0
13.179567116577893|1226.87947638051|630.227033672636|630.227033672636|51.0|1.0|0
13.191625274964515|1223.5586374699647|627.7443543728479|627.7443543728479|51.0|1.0|0
13.203683433351136|1220.23779855942|625.26167507306|625.26167507306|51.0|1.0|0
13.215741591737759|1217.00214546125|623.812297874556|623.812297874556|51.0|1.0|0
13.227799750124381|1215.3890148532332|623.0527596504082|623.0527596504082|51.0|1.0|0
13.239857908511002|1213.7758842452167|622.2932214262607|622.2932214262607|51.0|1.0|0
13.251916066897625|1212.1627536372|621.533683202113|621.533683202113|51.0|1.0|0
13.263974225284247|1211.09793751512|620.099794283525|620.099794283525|51.0|1.0|0
13.276032383670868|1210.36071718766|620.650594741243|620.650594741243|51.0|1.0|0
13.28809054205749|1210.49027140021|619.11179592434|619.11179592434|51.0|1.0|0
13.300148700444113|1208.71048089558|617.445934672833|617.445934672833|51.0|1.0|0
13.312206858830736|1208.73210301379|615.825366134235|615.825366134235||1.0|0
13.324265017217357|1207.79287294791|615.256596390523|615.256596390523||1.0|0
13.33632317560398|1214.65191634729|617.470301556865|617.470301556865||1.0|0
13.348381333990602|1226.6231780836258|624.253993326614|624.253993326614||1.0|0
13.360439492377223|1238.59443981996|631.037685096362|631.037685096362||1.0|0
13.372497650763846|1296.06082335349|666.724047594149|666.724047594149||1.0|0
13.384555809150468|1321.13339496244|681.297721406853|681.297721406853||1.0|0
13.396613967537089|1339.62246100957|692.620116648576|692.620116648576||1.0|0
13.408672125923712|1356.66703225695|703.924667663845|703.924667663845||1.0|0
13.420730284310334|1380.5209513288169|719.3958317401432|719.3958317401432|52.0|1.0|0
13.432788442696955|1404.37487040068|734.866995816439|734.866995816439|52.0|1.0|0
13.444846601083578|1408.25067130612|731.987856606285|731.987856606285|52.0|1.0|0
13.4569047594702|1409.294523361405|730.620678272309|730.620678272309|52.0|1.0|0
13.468962917856821|1410.33837541669|729.253499938333|729.253499938333|52.0|1.0|0
13.481021076243444|1410.7282654916|729.107450517625|729.107450517625|52.0|1.0|0
13.493079234630066|1411.73740417326|728.316326302774|728.316326302774|52.0|1.0|0
13.505137393016687|1411.39451890847|728.893626895292|728.893626895292|52.0|1.0|0
13.51719555140331|1411.25080770373|727.916806539387|727.916806539387|52.0|1.0|0
13.529253709789932|1378.61161199191|732.748101302204|732.748101302204|52.0|1.0|0
13.541311868176553|1298.0528626049509|742.0498121076192|742.0498121076192||1.0|0
13.553370026563176|1217.49411321798|751.351522913036|751.351522913036|53.0|1.0|0
13.565428184949798|1214.46505224765|750.842108647643|750.842108647643|53.0|1.0|0
13.577486343336421|1213.51085324552|751.074700453951|751.074700453951|53.0|1.0|0
13.589544501723042|1211.22181070283|751.567838669429|751.567838669429|53.0|1.0|0
13.601602660109664|1212.12800068892|752.548779099209|752.548779099209|53.0|1.0|0
13.613660818496287|1213.9766200052502|751.6363044223115|751.6363044223115|53.0|1.0|0
13.625718976882908|1215.82523932158|750.723829745414|750.723829745414|53.0|1.0|0
13.63777713526953|1214.82773900752|752.701240696515|752.701240696515|53.0|1.0|0
13.649835293656153|1216.0752290514|752.307538800118|752.307538800118|53.0|1.0|0
13.661893452042774|1216.56732888878|753.433268954587|753.433268954587|53.0|1.0|0
13.673951610429397|1216.47965434972|753.145114802657|753.145114802657|53.0|1.0|0
13.68600976881602|1216.47702529874|753.402380392517|753.402380392517|53.0|1.0|0
13.69806792720264|1216.15326874172|753.257795142901|753.257795142901|53.0|1.0|0
13.710126085589263|1215.8295121847|753.113209893285|753.113209893285|53.0|1.0|0
13.722184243975885|1215.01531222951|753.954335053212|753.954335053212|53.0|1.0|0
13.734242402362506|1211.42852229732|755.420226353769|755.420226353769|53.0|1.0|0
13.746300560749129|1211.37789692046|755.19235185602|755.19235185602|53.0|1.0|0
13.758358719135751|1212.7357071625352|755.151034920421|755.151034920421|53.0|1.0|0
13.770416877522372|1214.09351740461|755.109717984822|755.109717984822|53.0|1.0|0
13.782475035908995|1552.737663854905|665.228355365572|665.228355365572||1.0|0
13.794533194295617|1891.3818103052|575.346992746322|575.346992746322||1.0|-2
13.806591352682238|1906.28156731067|570.535160157651|570.535160157651||1.0|-2
13.81864951106886|1922.50965284432|565.449262695446|565.449262695446||1.0|-2
13.830707669455483|1939.69717242307|560.171012266442|560.171012266442||1.0|-2
13.842765827842106|1962.30760065199|552.995270246144|552.995270246144||1.0|-2
13.854823986228727|1996.6599535585|542.465515698569|542.465515698569|54.0|1.0|-2
13.86688214461535|2013.57849100011|535.992270911556|535.992270911556|54.0|1.0|-2
13.878940303001972|2021.26692336568|532.996699098049|532.996699098049|54.0|1.0|-2
13.890998461388593|2025.62138530076|532.933526821938|532.933526821938|54.0|1.0|-2
13.903056619775215|2026.05849727065|532.625119035499|532.625119035499|54.0|1.0|-2
13.915114778161838|2025.43838696496|530.155171724481|530.155171724481|54.0|1.0|-2
13.927172936548459|2025.64004561132|530.0015162897735|530.0015162897735|54.0|1.0|-2
13.939231094935082|2025.84170425768|529.847860855066|529.847860855066|54.0|1.0|-2
13.951289253321704|2026.52640072819|530.382612035233|530.382612035233|54.0|1.0|-2
13.963347411708325|2027.50797053332|531.52615331721|531.52615331721|54.0|1.0|-2
13.975405570094948|2027.94032387401|532.114537962658|532.114537962658|54.0|1.0|-2
13.98746372848157|2027.91232109093|532.642285423016|532.642285423016|54.0|1.0|-2
13.999521886868191|2027.57135000055|532.372526895861|532.372526895861|54.0|1.0|-2
14.011580045254814|2027.4392425117348|532.788344408377|532.788344408377|54.0|1.0|-2
14.023638203641436|2027.30713502292|533.204161920893|533.204161920893|54.0|1.0|-2
14.035696362028057|2026.81528288234|535.747833777808|535.747833777808|54.0|1.0|-2
14.04775452041468|2026.91457444935|536.863244255311|536.863244255311|54.0|1.0|-2
14.059812678801302|2027.38879083403|537.454727058949|537.454727058949|54.0|1.0|-2
14.071870837187923|2027.62428430403|536.615211982811|536.615211982811|54.0|1.0|-2
14.083928995574546|2028.32147610575|535.997316903782|535.997316903782|54.0|1.0|-2
14.095987153961168|2029.19493058165|534.719098497407|534.719098497407|54.0|1.0|-2
14.108045312347791|2025.30465902182|537.253759383835|537.253759383835|54.0|1.0|-2
14.120103470734412|1917.127499607908|597.6376553856851|597.6376553856851||1.0|-2
14.132161629121034|1808.95034019398|658.021551387544|658.021551387544||1.0|-2
14.144219787507657|1623.47262956393|760.152547582606|760.152547582606||1.0|0
14.156277945894278|1611.26651883302|766.688902294012|766.688902294012||1.0|0
14.1683361042809|1601.91464881504|772.05187576399|772.05187576399||1.0|0
14.180394262667523|1589.63317317197|779.213169237004|779.213169237004|55.0|1.0|0
14.192452421054144|1585.81992725263|781.608596421621|781.608596421621|55.0|1.0|0
14.204510579440766|1583.3690241175|782.722576721369|782.722576721369|55.0|1.0|0
14.216568737827389|1574.31113963159|789.340837599065|789.340837599065|55.0|1.0|0
14.22862689621401|1574.0808809883467|790.7184168894439|790.7184168894439|55.0|1.0|0
14.240685054600632|1573.8506223451034|792.0959961798229|792.0959961798229|55.0|1.0|0
14.252743212987255|1573.62036370186|793.473575470202|793.473575470202|55.0|1.0|0
14.264801371373876|1574.25026775143|793.760531515346|793.760531515346|55.0|1.0|0
14.276859529760499|1571.31093559321|794.108956087057|794.108956087057|55.0|1.0|0
14.288917688147121|1571.12037686267|794.341763775551|794.341763775551|55.0|1.0|0
14.300975846533742|1569.37515197901|793.469562499427|793.469562499427|55.0|1.0|0
14.313034004920365|1568.37994664825|791.489600250787|791.489600250787|55.0|1.0|0
14.325092163306987|1568.198052977655|791.371722851216|791.371722851216|55.0|1.0|0
14.337150321693608|1568.01615930706|791.253845451645|791.253845451645|55.0|1.0|0
14.34920848008023|1558.5570766212766|792.4016130341337|792.4016130341337|55.0|1.0|0
14.361266638466853|1549.0979939354934|793.5493806166223|793.5493806166223||1.0|0
14.373324796853476|1539.63891124971|794.697148199111|794.697148199111||1.0|0
14.385382955240097|1462.03669657394|802.260586337585|802.260586337585|56.0|1.0|0
14.39744111362672|1455.7278109720148|803.316664386814|803.316664386814|56.0|1.0|0
14.409499272013342|1449.41892537009|804.372742436043|804.372742436043|56.0|1.0|0
14.421557430399963|1428.81867206844|805.281550838234|805.281550838234|56.0|1.0|0
14.433615588786585|1423.66589156821|803.782954529236|803.782954529236|56.0|1.0|0
14.445673747173208|1425.46337155727|800.666026386442|800.666026386442|56.0|1.0|0
14.457731905559829|1425.1744517055251|800.8539414561575|800.8539414561575|56.0|1.0|0
14.469790063946451|1424.88553185378|801.041856525873|801.041856525873|56.0|1.0|0
14.481848222333074|1425.0691072336|802.1262116536226|802.1262116536226|56.0|1.0|0
14.493906380719695|1425.25268261342|803.210566781372|803.210566781372|56.0|1.0|0
14.505964539106317|1430.87873712713|803.505427247924|803.505427247924|56.0|1.0|0
14.51802269749294|1544.07542185459|751.75461628097|751.75461628097||1.0|0
14.53008085587956|1842.78184665244|616.254444306085|616.254444306085||1.0|-2
14.542139014266183|1892.51654013974|593.400248602806|593.400248602806||1.0|-2
14.554197172652806|1944.27574332815|568.4477047077005|568.4477047077005||1.0|-2
14.566255331039429|1996.03494651656|543.495160812595|543.495160812595||1.0|-2
