user;document;corpus;paragraph;visit;system_relevance;perceived_relevance;system_relevance_type;method;f_total_time;f_fixn_n;f_fixn_dur_sum;f_fixn_dur_avg;f_fixn_dur_sd;f_scan_distance_h;f_scan_distance_v;f_scan_distance_euclid;f_scan_hv_ratio;f_avg_sacc_length;f_scan_speed_h;f_scan_speed_v;f_scan_speed;f_box_area;f_box_area_per_time;f_fixns_per_box_area;f_hull_area_per_time;f_fixns_per_hull_area
A01;g-rel_q116-1;g-rel;0;;True;True;r;LongestVisitFeatureExtractor;43.99838998344651;145.0;41.35920964754547;0.28523592860376185;0.156584091282641;12.8456032954074;3.606711899607899;14.17229604990228;3.5615828635505653;0.09841872256876584;0.2919562124941457;0.08197372451502999;0.3221094238956088;46.33039026318831;1.0530019457670876;0.3195199328495746;0.004990106343625643;660.4218242752114
A01;g-rel_q118-1;g-rel;0;;True;True;r;LongestVisitFeatureExtractor;22.811005669671136;62.0;21.533010637437982;0.3473066231844836;0.24138223796017505;5.7086234931531745;1.2874823694657103;5.9500329409090025;4.433943041505247;0.09754152362145906;0.250257422922094;0.05644128049897906;0.2608404481184272;7.349752101352469;0.32220201984012;0.11854438873149144;0.0061180656172295685;444.25582048643497
A01;g-rel_q103-1;g-rel;0;;False;False;i;LongestVisitFeatureExtractor;24.826494340185956;72.0;23.464652660360205;0.32589795361611396;0.21686019685738334;6.321118791583649;1.5715947185763257;6.793462679849445;4.022104882936878;0.09568257295562599;0.25461181530377525;0.06330312677422317;0.27363761418594873;9.934236908346428;0.4001465842185441;0.1379755126159226;0.007895604057207658;367.30914071853823
A01;g-rel_q076-1;g-rel;0;;True;False;r;LongestVisitFeatureExtractor;31.520035301976012;94.0;29.82048464133409;0.31723919831206476;0.18198944739840023;8.28721805778441;1.9761918970632475;8.86578532470862;4.193529014110303;0.09533102499686688;0.26291906015932914;0.06269637321565305;0.28127460010023586;16.377133174989773;0.5195785162703507;0.1742248210105295;0.007600249469804118;392.385825534917
A01;g-rel_q097-2;g-rel;0;;False;False;t;LongestVisitFeatureExtractor;33.77566342008709;102.0;32.10013978861239;0.3147072528295332;0.16051983689140767;9.0922771427779;1.754008029159776;9.629329919163508;5.183714664711873;0.0953399001897377;0.269196108147221;0.051931119970737;0.2850966922365985;15.947927111778345;0.472172135108789;0.1563522265860622;0.007334460763935735;411.7447723743529
A01;g-rel_q094-2;g-rel;0;;False;False;t;LongestVisitFeatureExtractor;51.07961763428425;134.0;48.70578308039087;0.3634759931372453;0.17987259529300018;12.833243856071121;3.2210644893459315;14.078010373503899;3.984162347111851;0.10584970205642029;0.2512400141276223;0.0630596828740546;0.27560915734135893;41.336706067907535;0.8092602878092544;0.3084828811037876;0.004386776609922816;598.0143997165287
A01;g-rel_q088-1;g-rel;0;;False;False;t;LongestVisitFeatureExtractor;52.593969417920384;141.0;50.17156156892821;0.3558266777938171;0.21054420194296053;11.84514324060907;3.8661919815113017;13.618476140624571;3.0637752334220045;0.09727482957588979;0.22521865855922762;0.07351017662861498;0.25893607748846464;45.79559781669558;0.8707385718084175;0.32479147387727364;0.004186308723655964;640.4008659119319
A01;g-rel_q075-1;g-rel;0;;False;False;i;LongestVisitFeatureExtractor;19.28803483547966;57.0;18.14280776712304;0.3182948731074217;0.23945427154907126;5.081402008678511;1.2310555711612747;5.388892592805165;4.12767882109915;0.0962302248715208;0.26344840477638765;0.06382483138701053;0.2793904427677872;6.255488252093773;0.3243196264135226;0.10974540793146971;0.00833477335235944;354.5627273554598
A01;g-rel_q128-1;g-rel;0;;True;True;r;LongestVisitFeatureExtractor;32.03077005228865;78.0;30.536482811324085;0.3914933693759498;0.24356324616410616;6.972961368554583;2.2001170759359536;7.875313146375371;3.1693592331163605;0.10227679410877105;0.21769571437625657;0.06868761107973274;0.2458671188210371;15.341331376798674;0.47895605855727813;0.196683735599983;0.0029948135923623365;813.1252125991388
A01;g-rel_q122-2;g-rel;0;;False;False;i;LongestVisitFeatureExtractor;20.293896068485115;60.0;19.027788470629538;0.31712980784382566;0.16835867913017477;5.453586172035837;2.5590041644376873;6.74135305676415;2.1311361067027423;0.11426022130108729;0.2687303686602024;0.12609723415365406;0.3321862413217421;13.955749725359492;0.6876821325123329;0.23259582875599155;0.010448353864092881;282.96840424073616
A01;g-rel_q085-2;g-rel;0;;False;False;i;LongestVisitFeatureExtractor;16.48197875946013;49.0;15.613871611924552;0.3186504410596847;0.15262755284224439;3.838917497830471;1.5315401199408911;4.4322947666303065;2.5065732512306838;0.09233947430479805;0.23291605661286602;0.09292210251525994;0.26891763612341213;5.879456165070465;0.3567202852810282;0.11998890132796868;0.011848883167631444;250.90499808040778
A01;g-rel_q134-3;g-rel;0;;False;False;t;LongestVisitFeatureExtractor;38.68491165272824;128.0;36.09386616819971;0.28198332943906024;0.14914595097835553;11.910386015968397;3.101489422825994;13.06758782584591;3.840214939413197;0.10289439232949536;0.3078819495023565;0.08017310342253975;0.3377954677304872;36.93993625030062;0.9548926098606055;0.2885932519554736;0.005941222264368098;556.9196742035672
A03;g-rel_q128-1;g-rel;0;;True;True;r;LongestVisitFeatureExtractor;24.501774346801056;59.0;22.850646414921208;0.38729909177832555;0.17445948957257706;5.73616563032547;1.9541318349803214;6.449269605454612;2.93540360360755;0.11119430354232089;0.2341122544488041;0.07975470703963332;0.2632164313559857;11.209223868938961;0.45748620937742146;0.1899868452362536;0.003811863389207512;631.7091215773718
A03;g-rel_q075-1;g-rel;0;;False;False;i;LongestVisitFeatureExtractor;36.06762766838074;27.0;35.46509463015186;1.3135220233389577;2.164874738118341;1.7478613021872937;1.2086640191161642;2.39408544101182;1.4461101468590234;0.09208020926968538;0.04846066722928895;0.03351104847341426;0.06637767981370822;2.112577066359307;0.05857266482240337;0.0782435950503447;0.0032027964110873247;233.73128850471346
A03;g-rel_q116-1;g-rel;0;;True;True;r;LongestVisitFeatureExtractor;36.8217530551154;100.0;34.652222596876236;0.34652222596876237;0.25550755170683587;8.851267033941546;1.9215896401210488;9.311385667145343;4.606221249914716;0.09405440067823578;0.2403814674628018;0.05218626167105032;0.25287730470648445;17.00850303436704;0.46191453755361495;0.1700850303436704;0.005005543399050624;542.5556716457199
A03;g-rel_q134-3;g-rel;0;;False;False;t;LongestVisitFeatureExtractor;35.245643802370346;90.0;33.185129241616394;0.36872365824018216;0.22703407033051398;8.941305549210204;1.2473607253250023;9.120830741239883;7.168179475011552;0.1024812442835942;0.253685408595342;0.03539049342719382;0.25877895130479894;11.153033375215308;0.31643721526985535;0.12392259305794787;0.005326033806589516;479.4387615028664
A03;g-rel_q076-1;g-rel;0;;True;True;r;LongestVisitFeatureExtractor;51.058383812742356;141.0;48.02163311158326;0.3405789582381792;0.2101125194500503;12.277074263275498;2.3127784487295058;12.816536814748693;5.308365905095556;0.09154669153391923;0.24045168190794902;0.045296742200295;0.25101728369925685;28.394152769555248;0.5561114678774669;0.20137696999684573;0.004994710654757704;552.8937931598313
A03;g-rel_q085-2;g-rel;0;;False;False;i;LongestVisitFeatureExtractor;43.20006242952479;119.0;40.41646008050937;0.3396341183236081;0.22280376358016415;10.842292555063983;2.901760654633759;12.139135052617746;3.736453086766532;0.10287402586964192;0.2509786316339647;0.06717028845427248;0.2809980905101965;31.461737942313196;0.7282799184292587;0.2643843524564134;0.00493735278684836;557.9155000187116
A03;g-rel_q122-2;g-rel;0;;False;False;i;LongestVisitFeatureExtractor;33.89337089738571;73.0;32.097456152111704;0.43969118016591374;0.5664846868477194;6.49328906559538;1.9621333069523366;7.25886013897014;3.3093006691176425;0.10081750193014083;0.1915799135251025;0.057891359136062845;0.21416754801246507;12.74069874727411;0.375905329270652;0.17453011982567274;0.006052427975170884;355.85941951846286
A03;g-rel_q094-2;g-rel;0;;False;False;t;LongestVisitFeatureExtractor;46.83269655891242;106.0;44.37416076426029;0.41862415815339893;0.23843981712837428;10.281977040363849;1.8438854682479855;10.721449664182616;5.576255801903754;0.10210904442078682;0.2195469788383807;0.03937175528486813;0.22893086351958714;18.95878804958633;0.40481948387783817;0.17885649103383333;0.004675993717746484;484.0417046269164
A03;g-rel_q088-1;g-rel;0;;False;False;t;LongestVisitFeatureExtractor;45.96023462914406;107.0;43.36939812015976;0.4053214777585024;0.26911446493815433;10.03500665295888;2.28331021566628;10.796171980103018;4.394937921315532;0.10185067905757565;0.2183410666619081;0.0496801253102916;0.23490245572543286;22.9130332049801;0.49854038800860706;0.21414049724280468;0.004581708043165904;508.12917238880624
A03;g-rel_q097-2;g-rel;0;;False;False;t;LongestVisitFeatureExtractor;59.67472809717004;116.0;57.02358912677882;0.4915826648860243;0.6968208442174525;9.754104379411078;2.1309280619088797;10.403826032881154;4.577397310481414;0.09046805245983612;0.16345452573371086;0.03570905356181983;0.1743422444412367;20.785294740875365;0.34830983573197155;0.17918357535237384;0.004359299157483691;445.91375261126075
A03;g-rel_q103-1;g-rel;0;;False;False;i;LongestVisitFeatureExtractor;30.067420620686658;74.0;28.066942936103903;0.37928301265005276;0.2453648143995048;6.946417527610022;2.76245190453914;8.137046216219982;2.5145840607020062;0.1114663865235614;0.23102804910477834;0.09187525392978166;0.2706266799161888;19.18914432887037;0.6382038742514569;0.2593127612009509;0.007121520792508642;345.5912992925603
A03;g-rel_q118-1;g-rel;0;;True;True;r;LongestVisitFeatureExtractor;39.4234066895035;82.0;37.18165993186127;0.45343487721782033;0.5238379853637108;7.656236363168231;1.9188692794575994;8.1773573340747;3.9899728684657427;0.10095502881573702;0.19420534667306436;0.04867335018940662;0.20742391438870564;14.691316753549696;0.37265467363735627;0.17916239943353288;0.003260710637990129;637.8924204783864
A04;g-rel_q075-1;g-rel;0;;False;False;i;LongestVisitFeatureExtractor;29.766751713948707;84.0;28.260337153526212;0.3364325851610263;0.18463279428312532;8.232126199325295;1.444615624545159;8.618283116518858;5.698488967899126;0.1038347363436007;0.27655440131439396;0.04853118131355299;0.2895271610197336;11.892258130772877;0.39951480917550575;0.14157450155681997;0.005930961068269093;475.79817049961895
A04;g-rel_q118-1;g-rel;0;;True;True;r;LongestVisitFeatureExtractor;37.77740111675121;103.0;35.23480729358232;0.3420855077046827;0.2246320552249704;10.182284693052388;2.85190549520843;11.585745123917329;3.570344357539176;0.11358573650899342;0.26953375277415187;0.07549236874168778;0.3066845463538251;29.03891366989279;0.7686847906807541;0.28193120067857075;0.004281437436168559;636.8183147047886
A04;g-rel_q103-1;g-rel;0;;False;False;i;LongestVisitFeatureExtractor;44.09157102519331;112.0;41.09107876357179;0.3668846318176052;0.2250975441908076;11.35584293959226;4.049092052084744;13.448678846872339;2.8045405719401986;0.12115926889074179;0.25755133408840636;0.09183369877592136;0.30501700289127714;45.98085339142568;1.042849059861189;0.410543333852015;0.005680249845005555;447.1930143008658
A04;g-rel_q116-1;g-rel;0;;True;False;r;LongestVisitFeatureExtractor;52.061848365595225;130.0;49.1333693950305;0.3779489953463884;0.19779252599443886;13.21529490623771;4.001779997764569;15.096537407805634;3.3023541807945205;0.11702742176593516;0.2538383734176246;0.07686588400901113;0.28997313544830067;52.88470282034206;1.0158053254077437;0.4068054063103236;0.004360714380107883;572.6194920504852
A04;g-rel_q097-2;g-rel;0;;False;False;t;LongestVisitFeatureExtractor;51.327917492545616;142.0;47.881149612088194;0.33719119445132534;0.18384604584277214;13.17606648537948;2.2310463759828307;13.584953639945153;5.905778843156095;0.09634718893578123;0.25670370295644757;0.04346652825544397;0.2646698775947437;29.39641538191472;0.5727178661823554;0.20701700973179382;0.004856012947041293;569.7113401970628
A04;g-rel_q122-2;g-rel;0;;False;False;i;LongestVisitFeatureExtractor;53.623370924967034;158.0;49.152748315267516;0.3110933437675159;0.1565400898279202;15.485019185228285;4.4218054949251435;17.295170279562207;3.5019675114611593;0.11016032025198857;0.2887736991935071;0.08246041639404567;0.322530456053623;68.4717429222637;1.2769011298837103;0.43336546153331457;0.005119067246825817;575.588542870949
A04;g-rel_q094-2;g-rel;0;;False;False;t;LongestVisitFeatureExtractor;54.55344336462616;147.0;51.02259315348513;0.34709247043187164;0.17122416040909716;14.35535437903793;2.842484228207932;15.234610264184322;5.050284619552096;0.1043466456450981;0.26314295658826015;0.05210457952597491;0.2792602872445414;40.804868412750984;0.7479797038661339;0.2775841388622516;0.003937410670500264;684.3597402094497
A04;g-rel_q134-3;g-rel;0;;False;True;t;LongestVisitFeatureExtractor;34.4097392700437;106.0;32.023354550089714;0.30210711839707277;0.18194481385736344;10.507592964473808;1.7295486267467033;10.988148903666167;6.075338271488028;0.10464903717777302;0.30536682890885686;0.050263345885111284;0.31933252435981657;18.173392982118997;0.5281467795933089;0.1714471036048962;0.00624407058926725;493.3517570404931
A04;g-rel_q085-2;g-rel;0;;False;False;i;LongestVisitFeatureExtractor;39.873548234987574;113.0;36.92129096162039;0.32673708815593266;0.18787729872815967;11.089316105464178;2.99446843133706;12.360422565061388;3.7032669937056863;0.11036091575947668;0.2781120967743149;0.07509912119407332;0.30999053538494903;33.20660700293011;0.8327978941636435;0.29386377878699216;0.0052962847856238525;535.0843265755944
A04;g-rel_q076-1;g-rel;0;;True;True;r;LongestVisitFeatureExtractor;54.92176614447652;150.0;51.51174863265403;0.34341165755102687;0.18246322966419437;15.038540685911709;2.613008576069813;15.660274706710402;5.755258832150851;0.10510251481013692;0.273817499720448;0.04757692185637412;0.28513785710231304;39.2958357838621;0.7154874750475242;0.2619722385590807;0.004481280425897324;609.4592077357429
A04;g-rel_q128-1;g-rel;0;;True;True;r;LongestVisitFeatureExtractor;27.48169328230235;67.0;25.854487759008137;0.38588787700012145;0.20118012023626639;6.795237951866108;1.8244052602767065;7.482550317624949;3.7246318566498093;0.11337197450946893;0.24726416535046997;0.06638620268175346;0.27227399129891167;12.39726786421644;0.45111004394332677;0.18503384871964837;0.005906407345047925;412.7698038341996
A04;g-rel_q088-1;g-rel;0;;False;False;t;LongestVisitFeatureExtractor;42.43580090771056;122.0;39.86868202292147;0.32679247559771696;0.15954908181178154;12.306395503182939;2.660154816778915;13.333724465626206;4.626195222007532;0.11019606996385295;0.29000031199945786;0.06268657029860762;0.31420932751156055;32.736917274978474;0.771445726832746;0.26833538749982355;0.005414866212281231;530.9329719603062
A06;g-rel_q076-1;g-rel;0;;True;True;r;LongestVisitFeatureExtractor;95.37185770192784;160.0;91.93774785416423;0.5746109240885264;0.3472453876045536;16.960851051914954;2.5565408700883667;17.55827488319596;6.634296854142881;0.11042940178110666;0.17783915990106702;0.02680602990956198;0.18410331209099473;43.36110890570185;0.454653080589258;0.2710069306606365;0.0034701999082702543;483.442966937286
A06;g-rel_q097-2;g-rel;0;;False;False;t;LongestVisitFeatureExtractor;89.59383192042701;137.0;86.95482059687981;0.6347067196852542;0.4231863564010283;13.775848468163371;2.495570635971335;14.632274216334547;5.520119635003433;0.1075902515906952;0.1537588935854248;0.02785426834056816;0.16331787470961437;34.378602922739205;0.38371617985122736;0.25093870746524966;0.0030888660593869103;495.0435185097889
A06;g-rel_q085-2;g-rel;0;;False;False;i;LongestVisitFeatureExtractor;72.56397435348158;133.0;69.82866678485976;0.5250275698109756;0.34418704289477603;14.300064706197237;2.6161204292415983;15.085788823705421;5.4661339540637135;0.11428627896746531;0.19706837771229554;0.03605260671773111;0.2078963970498346;37.410691417359345;0.5155546088906361;0.2812833941154838;0.0031658696234182783;578.9453285352312
A06;g-rel_q118-1;g-rel;0;;True;True;r;LongestVisitFeatureExtractor;78.21412508155194;139.0;75.65960428086032;0.5443136998623045;0.3656687835448806;13.187202310186773;2.601360953220194;13.997614396637777;5.0693473713682415;0.10143198838143316;0.16860384612672968;0.033259477754278004;0.17896530047536566;34.30467317193501;0.4385994618768205;0.24679620987003603;0.003000122807232929;592.3666175793383
A06;g-rel_q103-1;g-rel;0;;False;False;i;LongestVisitFeatureExtractor;78.4127093583215;152.0;75.40008029122757;0.4960531598107077;0.32812828990830484;16.496167647123848;3.9101764844322613;17.81881090947769;4.218778286044296;0.11800537026144166;0.21037619771230623;0.0498666162211534;0.2272439130760208;64.50292681703593;0.8226080611789318;0.42436136063839425;0.0028589196276662537;678.0397913649075
A06;g-rel_q116-1;g-rel;0;;True;True;r;LongestVisitFeatureExtractor;103.54440577444382;174.0;100.19454602752252;0.5758307242961065;0.38500750117500265;15.537440672174109;6.01433280296679;19.07328178590538;2.5834022128788243;0.1102501837335571;0.15005581958739642;0.058084574999330486;0.18420388473186763;93.44733910880711;0.9024856380205448;0.5370536730391213;0.0024136891697116793;696.2116182500182
A06;g-rel_q075-1;g-rel;0;;False;False;i;LongestVisitFeatureExtractor;71.68836767433639;120.0;69.13366369938944;0.5761138641615787;0.37218363191808773;12.46501624360441;2.7648058632654977;13.729175462500768;4.508459855796907;0.11537122237395603;0.17387780818542395;0.03856700819058077;0.1915118994600243;34.46334999601714;0.48073838356281373;0.28719458330014286;0.0028716316553415618;582.9131090329757
A06;g-rel_q134-3;g-rel;0;;False;False;t;LongestVisitFeatureExtractor;99.19499821527711;152.0;96.09816700277398;0.6322247829129867;0.5076873422820294;14.462659968512389;3.5560918748188985;15.942121578996169;4.067009649251239;0.10557696409931237;0.14580029465926217;0.03584950792681421;0.16071497420059339;51.430547602295455;0.5184792431840035;0.33835886580457536;0.002692887652170299;569.0305444020787
A06;g-rel_q094-2;g-rel;0;;False;True;t;LongestVisitFeatureExtractor;80.95472718340106;134.0;78.35183628259517;0.58471519613877;0.3869480470436136;12.351677894656541;1.79714023695879;12.681850603195349;6.872962744164397;0.09535226017440111;0.15257512840076776;0.02219932423325213;0.15665361424126487;22.197697338441706;0.27419890240817363;0.16565445774956497;0.0030568341716151427;541.490329851789
A06;g-rel_q128-1;g-rel;0;;True;True;r;LongestVisitFeatureExtractor;44.121338557018696;79.0;42.69923586657123;0.5404966565388764;0.37262063817824187;8.376209778973355;2.6636415892165055;9.722844410405857;3.144645966215435;0.1246518514154597;0.18984486991818364;0.060370824556336605;0.2203660344039851;22.31122072727542;0.5056786910134714;0.28242051553513187;0.0035990924559347773;497.49120617358903
A06;g-rel_q122-2;g-rel;0;;False;False;i;LongestVisitFeatureExtractor;83.29174937959641;149.0;80.36352381547002;0.5393525088286578;0.3475635066386717;15.496990736377878;2.2979289413552886;16.003738223454267;6.743894668578374;0.108133366374691;0.18605673253123078;0.027588914369929194;0.19214073834034068;35.61098351703753;0.4275451504175153;0.23899988937609082;0.0034242225239140855;522.4230196102812
A06;g-rel_q088-1;g-rel;0;;False;False;t;LongestVisitFeatureExtractor;79.77338924305444;142.0;77.07410839857651;0.5427754112575811;0.39266969633773285;13.127791225079438;2.0628198539715608;13.616224103783246;6.364002750799792;0.09656896527505848;0.16456353866427237;0.02585849584109481;0.17068629317349404;27.080268377887503;0.3394649347964776;0.19070611533723594;0.0032025683374365104;555.8170884588422
A07;g-rel_q076-1;g-rel;0;;True;False;r;LongestVisitFeatureExtractor;35.7099745261967;107.0;33.7334521427015;0.31526590787571496;0.14434313267244858;9.913296587702828;1.8645532298526857;10.430911001062192;5.316714175269781;0.09840482076473767;0.27760581516042443;0.05221379333342443;0.29210076846764804;18.483869171088916;0.5176108192832571;0.17274644085129828;0.00703595394316325;425.86431418016895
A07;g-rel_q103-1;g-rel;0;;False;False;i;LongestVisitFeatureExtractor;20.69266936843068;68.0;19.017491126024247;0.2796689871474154;0.14873433011464585;6.2568271401419615;1.6255309151074233;6.872703177157495;3.849097597586127;0.10257765936055963;0.30236926076282616;0.07855588306008403;0.3321322664944662;10.170665946783926;0.491510581148152;0.14956861686446948;0.008377074289358792;392.28348718427355
A07;g-rel_q122-2;g-rel;0;;False;False;i;LongestVisitFeatureExtractor;28.036845647960625;96.0;25.638164528466156;0.2670642138381891;0.19762855365861756;9.495662686090132;2.26590109133412;10.099855628293218;4.190678367385958;0.10631426977150756;0.3386851290377182;0.08081868837120555;0.36023509046310537;21.51623244335231;0.7674270035052029;0.22412742128491991;0.009118780672312707;375.495997639722
A07;g-rel_q128-1;g-rel;0;;True;True;r;LongestVisitFeatureExtractor;14.878037031407944;49.0;13.455339811224693;0.2745987716576468;0.10972784467048309;4.827575609648252;1.70748117327399;5.404222436678908;2.827308251013786;0.11258796743081058;0.32447664967207085;0.11476521866893129;0.36323490963696664;8.242994466031096;0.554037770482081;0.16822437685777747;0.010223511712019304;322.1442217244246
A07;g-rel_q118-1;g-rel;0;;True;True;r;LongestVisitFeatureExtractor;23.928760223162605;80.0;21.81917179039009;0.2727396473798761;0.11938770432236319;7.620627091863488;1.5873838301865542;8.051280858228928;4.800746326720418;0.10191494757251808;0.31847145530284765;0.06633790532323507;0.33646878413848763;12.096860221505686;0.5055364385237203;0.15121075276882107;0.008870698312870122;376.8877134730576
A07;g-rel_q075-1;g-rel;0;;False;False;i;LongestVisitFeatureExtractor;28.444164488135716;93.0;26.118010358385646;0.2808388210579102;0.14121922577144422;7.360927063352297;3.37638498673531;9.15754837505482;2.180120777775912;0.09953856929407412;0.25878513908969264;0.11870220298239476;0.32194822874387835;24.85332362515633;0.8737582584126473;0.2672400389801756;0.007440308135082656;439.4392504157451
A07;g-rel_q085-2;g-rel;0;;False;False;i;LongestVisitFeatureExtractor;22.821096098870544;80.0;20.952490765893828;0.26190613457367284;0.15470305774300397;7.103651370833171;2.995443535848888;8.653710545985723;2.371485653399254;0.10954063982260408;0.3112756433808954;0.13125765400887723;0.37919784871393664;21.278586579686312;0.9324086138325067;0.2659823322460789;0.007963934204626941;440.1754570409397
A07;g-rel_q097-2;g-rel;0;;False;False;t;LongestVisitFeatureExtractor;29.672482944507987;86.0;27.61155906818354;0.3210646403277156;0.2136673857098682;8.102821835569088;2.205075689357415;9.007754241062973;3.674622995789476;0.10597357930662321;0.27307528833103;0.07431382447775735;0.3035726487031378;17.86733544480782;0.6021516796630207;0.20775971447450955;0.007444381109093208;389.3282915279753
A07;g-rel_q094-2;g-rel;0;;False;False;t;LongestVisitFeatureExtractor;30.9991914053294;101.0;28.552521166106285;0.282698229367389;0.1769206757597133;9.078297419690864;3.0680087531163167;10.61659795704511;2.959019399951067;0.1061659795704511;0.29285594262726855;0.09897060581357173;0.34247983498111173;27.852295947004844;0.8984845953825898;0.27576530640598856;0.007177752812568157;453.9233358684482
A07;g-rel_q134-3;g-rel;0;;False;False;t;LongestVisitFeatureExtractor;32.85225268262109;104.0;30.899917783653887;0.2971145940735951;0.16013164560780838;9.08308164883005;2.944386875454707;10.347142807148451;3.084880497379385;0.10045769715678107;0.27648276471570604;0.08962511350134275;0.31495991788173816;26.744106395498697;0.8140722237183565;0.2571548691874875;0.005663618609795149;558.9515755320616
A07;g-rel_q088-1;g-rel;0;;False;False;t;LongestVisitFeatureExtractor;23.50069184577902;77.0;20.837280103257385;0.270614027315031;0.145277405456897;7.177478506047012;3.025362572455942;8.580784212906408;2.3724358103037044;0.11290505543297906;0.30541562576746717;0.12873504287914528;0.365129004253022;21.71447483680162;0.9239930032401058;0.28200616671170936;0.011146664981820525;293.94435816272846
A07;g-rel_q116-1;g-rel;0;;True;True;r;LongestVisitFeatureExtractor;14.933060752378926;53.0;13.522917000943622;0.25514937737629473;0.12076899969261642;5.109579511786811;1.5053591534031163;5.610426485448726;3.3942594365176917;0.10789281702786012;0.34216558792026774;0.10080714050288074;0.3757050599660188;7.691752288109303;0.5150820997553338;0.14512740166243968;0.010828288736379957;327.7684972177176
A08;g-rel_q075-1;g-rel;0;;False;False;i;LongestVisitFeatureExtractor;21.11792934942223;67.0;19.98488976103997;0.29828193673193987;0.23789710401791433;7.06221623615655;1.4940526707681494;7.727070174183443;4.726885721187858;0.11707682082096126;0.3344180255224581;0.07074806653849448;0.3659009387866358;10.551323029171881;0.49963814418483965;0.1574824332712221;0.00832657771158382;381.0280344651945
A08;g-rel_q118-1;g-rel;0;;True;True;r;LongestVisitFeatureExtractor;19.231796266056698;65.0;18.00192590923049;0.27695270629585367;0.13820694095355307;6.595244894849205;1.2046847492785622;6.910125039352241;5.4746645533604;0.10797070373987877;0.34293441983313494;0.06264026160701273;0.359307312939266;7.945190942582131;0.41312786557566933;0.12223370680895586;0.009326352752848715;362.3945595329729
A08;g-rel_q097-2;g-rel;0;;False;False;t;LongestVisitFeatureExtractor;27.78720532860599;86.0;26.352638112074942;0.30642602455901097;0.18235826765540805;8.543348318980144;1.7053339452385334;9.042213518962466;5.009780250275346;0.10637898257602901;0.30745619136391006;0.06137119314704706;0.32540924544339883;14.569261894353401;0.5243154798066302;0.16941002202736513;0.008320222211506743;371.9791996795477
A08;g-rel_q103-1;g-rel;0;;False;False;i;LongestVisitFeatureExtractor;20.590608049619814;71.0;19.493567456812205;0.27455728812411556;0.16544617040263193;6.192104562049867;2.9601889392165566;8.132973783082601;2.0917936960093733;0.11618533975832288;0.3007247064840418;0.14376403708346114;0.39498463394007294;18.329799435052397;0.8902019498832061;0.2581661892260901;0.009040348465158733;381.420478012626
A08;g-rel_q116-1;g-rel;0;;True;True;r;LongestVisitFeatureExtractor;25.53775779272957;74.0;24.320526298125653;0.3286557607854818;0.24864603346846803;7.646444980119322;1.97723461654746;8.27499433561333;3.867242114884237;0.11335608678922371;0.2994172410193433;0.07742397091378028;0.3240297916040682;15.118815708217479;0.5920181337345797;0.20430832038131727;0.009274717754260831;312.4267807728872
A08;g-rel_q085-2;g-rel;0;;False;False;i;LongestVisitFeatureExtractor;35.896812298213554;96.0;34.48649428649729;0.35923431548434676;0.2562043374743093;8.552972100233536;2.215203796890578;9.442878859067912;3.8610317083417396;0.09939872483229381;0.2382655047244734;0.061710320640387895;0.26305619509111255;18.946576271136507;0.5278066507337034;0.1973601694910053;0.0055138602888673265;485.01993736797147
A08;g-rel_q134-3;g-rel;0;;False;False;t;LongestVisitFeatureExtractor;30.44387794798196;94.0;29.13018725268107;0.3098956090710752;0.13151663784837014;9.173079087047697;1.308998962437046;9.477107633166424;7.007705391889385;0.10190438315232714;0.3013111241189874;0.04299711635533659;0.3112976490498194;12.0075510072984;0.39441594884249453;0.1277399043329617;0.007531528774904025;409.9630747924301
A08;g-rel_q088-1;g-rel;0;;False;False;t;LongestVisitFeatureExtractor;23.55480508377303;76.0;22.313175133093083;0.2935944096459616;0.1384105479358731;7.233766995763213;2.54422645887409;8.528886162738782;2.843208775906061;0.11371848216985044;0.30710366611127576;0.10801305507838035;0.36208689192738663;18.404341387950904;0.781341272937542;0.24216238668356452;0.008318134475459558;387.8896042848304
A08;g-rel_q076-1;g-rel;0;;True;False;r;LongestVisitFeatureExtractor;28.72695677326276;92.0;27.06337304069444;0.2941670982684178;0.14522680107525124;9.55272951049746;1.4439958658407284;9.810295030512549;6.615482589997331;0.1078054398957423;0.33253538082351064;0.050266231722279356;0.3415013677899691;13.794101920653057;0.4801797151549216;0.14993589044188105;0.008720954599053029;367.22664156810066
A08;g-rel_q094-2;g-rel;0;;False;True;t;LongestVisitFeatureExtractor;21.884916326374686;68.0;20.60678898169384;0.3030410144366741;0.11596649402341797;7.047636698675014;1.3685905508353366;7.442570421111429;5.149558203783739;0.11108314061360341;0.32203169496159;0.06253579088104508;0.340077627445255;9.64532899152697;0.4407295347939195;0.1418430734048084;0.008850963528577017;351.05363233754076
A08;g-rel_q122-2;g-rel;0;;False;False;i;LongestVisitFeatureExtractor;25.519829928296282;87.0;24.13353779709455;0.27739698617350056;0.11811858436307916;9.29702120972057;1.653992851321856;9.690513273560653;5.62095610164849;0.11268038690186805;0.3643057667642241;0.06481206402899714;0.3797248375396049;15.377206619465499;0.602559133923354;0.17674950137316664;0.010008873260134337;340.60913148544455
A08;g-rel_q128-1;g-rel;0;;True;True;r;LongestVisitFeatureExtractor;11.743374449368694;44.0;11.05613385017566;0.2512757693221741;0.13744386963182875;4.3785271377629424;0.9587630502473571;4.728589828470462;4.56685010611673;0.10996720531326656;0.372850849356875;0.08164289186051618;0.4026602275911132;4.197970034192428;0.3574756176167153;0.09540840986800973;0.008882589219772401;421.81322222286195
A09;g-rel_q076-1;g-rel;0;;True;False;r;LongestVisitFeatureExtractor;37.329648457969036;122.0;34.50913255898139;0.2828617422867327;0.14558709515665444;11.952697705956904;3.590458485678961;13.37457812705486;3.3290171028663575;0.11053370352937901;0.32019314940549015;0.09618248855789799;0.35828299165779287;42.915664905108414;1.1496402103392134;0.35176774512383946;0.006962231335349749;469.41555966391064
A09;g-rel_q075-1;g-rel;0;;False;False;i;LongestVisitFeatureExtractor;14.515331731281682;50.0;13.45441047517472;0.2690882095034944;0.1184046353360891;4.800743835749129;1.3422932877660312;5.191710184812146;3.576523759378229;0.1059532690777989;0.3307360744228221;0.09247417231762492;0.357670791196842;6.444006227010206;0.4439448127198406;0.12888012454020412;0.012822565196305232;268.6384189767422
A09;g-rel_q085-2;g-rel;0;;False;False;i;LongestVisitFeatureExtractor;11.901988754688675;41.0;11.00964106690046;0.26852783090001126;0.16711271884959408;3.887900498784371;1.1473653896402127;4.200005729877399;3.3885460846989;0.10500014324693499;0.32665973552132366;0.096401148857431;0.35288268342741014;4.460842470670107;0.3747980747261923;0.1088010358700026;0.015077233394386519;228.47709245066838
A09;g-rel_q128-1;g-rel;0;;True;True;r;LongestVisitFeatureExtractor;30.805541634947936;89.0;28.949495699195978;0.3252752325752357;0.19563816272152637;7.922758129456534;1.9987726166972417;8.642098609945927;3.9638116228288367;0.09820566602211281;0.25718613304524435;0.06488354077273213;0.28053714206218444;15.835791997873182;0.514056600125088;0.1779302471671144;0.006814235846269345;423.9786588446814
A09;g-rel_q116-1;g-rel;0;;True;True;r;LongestVisitFeatureExtractor;22.810780236861284;57.0;20.991219848184027;0.3682670148804215;0.19769404360212126;6.082409847232742;1.6592234032812978;6.769889359723303;3.6658172945271286;0.1208908814236304;0.26664628671507773;0.07273856422500011;0.29678464697070905;10.092076766877188;0.4424257593157119;0.17705397836626646;0.005073598283606134;492.51406505425126
A09;g-rel_q122-2;g-rel;0;;False;False;i;LongestVisitFeatureExtractor;19.375320946834556;64.0;17.687365170507967;0.276365080789187;0.14200888450336446;8.025796572224518;1.585892457875464;8.332809838592338;5.06074452423858;0.132266822834799;0.41422780010958904;0.08185115809059974;0.4300733836336121;12.728050252333615;0.6569207440361425;0.19887578519271273;0.011722282255373513;281.7856640429583
A09;g-rel_q103-1;g-rel;0;;False;False;i;LongestVisitFeatureExtractor;11.588634941858404;39.0;10.816863207957326;0.2773554668707007;0.12944733835124705;3.7558335092349084;1.3473767049524712;4.257796851529171;2.7875155444129454;0.11204728556655712;0.32409628295984677;0.11626707646866302;0.36741142273365734;5.060522578023008;0.4366797818217821;0.12975698918007714;0.014594220598983932;230.59581346287138
A09;g-rel_q094-2;g-rel;0;;False;False;t;LongestVisitFeatureExtractor;23.563050289212924;68.0;21.899776151150846;0.32205553163457123;0.18995080849403564;6.827934840618573;1.349489147725693;7.107601526343017;5.059644126909621;0.1060836048707913;0.2897729604958818;0.05727141143281793;0.3016418264657717;9.214223968792924;0.39104546549353847;0.13550329365871946;0.007619838169005838;378.7316977802586
A09;g-rel_q134-3;g-rel;0;;False;False;t;LongestVisitFeatureExtractor;28.35049417992974;74.0;26.96430930293486;0.3643825581477684;0.21870356145941877;7.1732357593983505;1.4475314199712728;7.546676200272835;4.955495722186609;0.10337912603113474;0.2530197785573884;0.05105841932716745;0.2661920512699697;10.383484144590605;0.36625407933599335;0.14031735330527845;0.007357964826206754;354.74262780731834
A09;g-rel_q097-2;g-rel;0;;False;False;t;LongestVisitFeatureExtractor;53.958716503243316;157.0;50.500442354866635;0.32165886850233527;0.18473978902543836;14.87565797915372;4.771621817258596;16.939957237318605;3.1175266081124846;0.10858946946999105;0.2756859121780553;0.08843097327883598;0.31394292405566004;70.9810141594068;1.3154689132596458;0.4521083704420815;0.0044605399301877865;652.3048539549281
A09;g-rel_q118-1;g-rel;0;;True;True;r;LongestVisitFeatureExtractor;18.261087785448346;61.0;16.911093176887146;0.2772310356866745;0.11884377558132574;6.5810413072311835;1.3114336724420663;6.90180553007552;5.018203699906834;0.11503009216792533;0.36038605063140855;0.07181574766247519;0.3779515005439785;8.630599170035127;0.4726224018764405;0.14148523229565782;0.006487789489868263;514.8804961936455
A09;g-rel_q088-1;g-rel;0;;False;False;t;LongestVisitFeatureExtractor;10.049178573669295;32.0;9.168518266492997;0.28651619582790616;0.11988203719315951;2.7597596165175973;1.9617931262457886;3.910697021482406;1.406753637575868;0.1261515168220131;0.2746253931389654;0.19521925218704433;0.389155888992674;5.414077445774936;0.5387582085525696;0.16918992018046675;0.01905025325102637;167.15472643580048
A10;g-rel_q075-1;g-rel;0;;False;False;i;LongestVisitFeatureExtractor;29.575025113423667;98.0;27.731105454762776;0.28297046382410995;0.16910398063587906;10.225547241702229;3.48353336292781;11.738000255091217;2.9353952370669845;0.12101031190815688;0.3457494018174478;0.1177863196926479;0.3968889361910808;35.621034970664155;1.2044295764434125;0.36347994868024647;0.008503293439119741;389.6850881898499
A10;g-rel_q085-2;g-rel;0;;False;False;i;LongestVisitFeatureExtractor;40.706812867494385;138.0;37.97133432370481;0.2751545965485856;0.13645681836386117;14.418809188788078;2.6611131862220274;15.262937454616674;5.418337432410535;0.11140830258844288;0.35421120380323196;0.06537267348549919;0.374947984856967;38.37008326190329;0.9425961051483585;0.2780440816079949;0.004857964978391297;697.842806549004
A10;g-rel_q103-1;g-rel;0;;False;False;i;LongestVisitFeatureExtractor;30.325930589792495;102.0;28.047869826091887;0.2749791159420773;0.11277582975360649;10.879907429759404;1.6597426121343126;11.18966255277618;6.555177501750471;0.11078873814629882;0.35876582245497546;0.05473014611109645;0.36898002254686113;18.057845977248387;0.595458923305936;0.1770377056592979;0.007190266087223388;467.77937867749523
A10;g-rel_q097-2;g-rel;0;;False;False;t;LongestVisitFeatureExtractor;34.29506461528757;115.0;32.19831786790176;0.2799853727643631;0.13376511333937818;11.927098701369697;2.558271339056153;12.796658131746769;4.662171099399516;0.11225138712058569;0.34777886658516466;0.07459590374749615;0.37313410181016116;30.51275476580796;0.8897127067142603;0.26532830231137355;0.00728487857839645;460.3030975101962
A10;g-rel_q116-1;g-rel;0;;True;True;r;LongestVisitFeatureExtractor;48.386345516171374;152.0;45.4217026775716;0.29882699129981316;0.15992963185876882;14.133068968953967;3.9261024654121557;15.83815574211602;3.5997707888325072;0.1048884486232849;0.29208796031579826;0.0811407107424552;0.32732696741527406;55.487876922850205;1.1467672611130635;0.3650518218608566;0.0047542533289099175;660.7519391797834
A10;g-rel_q076-1;g-rel;0;;True;True;r;LongestVisitFeatureExtractor;46.854131608418534;140.0;43.937799342668214;0.3138414238762015;0.2024872300677454;13.980413009688155;3.6140320369461634;15.767198337509473;3.8683699720330993;0.11343308156481635;0.29838164810157786;0.07713368945027702;0.336516712534194;50.525660506751926;1.0783608354758987;0.36089757504822806;0.005367850646949704;556.6468027081742
A10;g-rel_q088-1;g-rel;0;;False;False;t;LongestVisitFeatureExtractor;48.64243608178255;141.0;46.15969529069059;0.3273737254658907;0.18788591246621886;14.472266294710062;2.3292570122409977;14.924709377120704;6.2132543633672155;0.1066050669794336;0.2975234684047862;0.04788528700176153;0.3068248751363477;33.709627749972455;0.6930086250881112;0.2390753741132798;0.00514424879489685;563.4843144944164
A10;g-rel_q122-2;g-rel;0;;False;False;i;LongestVisitFeatureExtractor;53.28682308830692;168.0;50.03321787938725;0.29781677309159077;0.14669446560139685;18.617144539393944;3.2048248679469107;19.443134471092865;5.809098876382766;0.11642595491672374;0.3493761395484511;0.06014291493106795;0.3648769685306948;59.66468779001175;1.1196893402921664;0.3551469511310223;0.005004766873889691;629.9493040253632
A10;g-rel_q118-1;g-rel;0;;True;True;r;LongestVisitFeatureExtractor;54.32339312356497;197.0;50.370848104814;0.25568958428839594;0.1177309191194496;20.27573782519547;4.303238670081859;21.76172656502692;4.7117390829753285;0.11102921716850468;0.37324137281108183;0.07921520403362202;0.4005958632872454;87.25133907382259;1.606146708755087;0.44290019834427713;0.004130314904552111;878.0033497412506
A10;g-rel_q134-3;g-rel;0;;False;False;t;LongestVisitFeatureExtractor;43.849816172937395;128.0;41.62057297645665;0.3251607263785676;0.18070541277871763;13.082892224837545;2.42899338927382;13.65184258290002;5.386137435618485;0.10749482348740173;0.29835683171944194;0.05539346800666662;0.3113318087596789;31.778258726712256;0.724706771891206;0.2482676463024395;0.004773162063622493;611.5556915043962
A10;g-rel_q128-1;g-rel;0;;True;True;r;LongestVisitFeatureExtractor;14.677501750979452;50.0;13.519703749258813;0.27039407498517626;0.14947283090182364;5.333429943622567;1.0614513519398252;5.634417672901812;5.024657921322168;0.11498811577350636;0.36337450569656105;0.0723182575583064;0.38388124685631997;5.66117642413452;0.3857043603320804;0.11322352848269039;0.00672474963713214;506.57265572332483
A10;g-rel_q094-2;g-rel;0;;False;False;t;LongestVisitFeatureExtractor;29.841556549072266;100.0;27.889079908947192;0.2788907990894719;0.12249597918823235;9.80563833572382;1.7658187222202242;10.273252022659776;5.553026600258749;0.10377022245110884;0.32859004253344365;0.059173143978480613;0.34425992510699505;17.314979756541483;0.5802304490406947;0.17314979756541482;0.006944390719542258;482.5522884886755
