timestamp|gaze_x|gaze_y|fixation_x|fixation_y|fixation_id|scroll_y|paragraph_id|fixation_paragraph_id|enter|hover|leave|abs_y
0.0|987.741813577972|891.207251399821|980.8495793184555|897.5143457776151|0|1.0|1|1|(18, 'Delegates')|None|None|891.207251399821
0.012071878905066405|986.066439522089|894.574228647772|980.8495793184555|897.5143457776151|0|1.0|1|1|None|(18, 'Delegates')|None|894.574228647772
0.02414375781013281|984.391065466206|897.941205895723|980.8495793184555|897.5143457776151|0|1.0|1|1|None|(18, 'Delegates')|None|897.941205895723
0.036215636715199215|983.1693301941808|898.0913578525192|980.8495793184555|897.5143457776151|0|1.0|1|1|None|(18, 'Delegates')|None|898.0913578525192
0.04828751562026562|981.9475949221558|898.2415098093155|980.8495793184555|897.5143457776151|0|1.0|1|1|None|(18, 'Delegates')|None|898.2415098093155
0.060359394525332025|980.7258596501306|898.3916617661117|980.8495793184555|897.5143457776151|0|1.0|1|1|None|(18, 'Delegates')|None|898.3916617661117
0.07243127343039843|979.5041243781054|898.541813722908|980.8495793184555|897.5143457776151|0|1.0|1|1|None|(18, 'Delegates')|None|898.541813722908
0.08450315233546483|978.2823891060804|898.6919656797043|980.8495793184555|897.5143457776151|0|1.0|1|1|None|(18, 'Delegates')|None|898.6919656797043
0.09657503124053124|977.0606538340552|898.8421176365005|980.8495793184555|897.5143457776151|0|1.0|1|1|None|(18, 'Delegates')|None|898.8421176365005
0.10864691014559764|975.8389185620301|898.9922695932968|980.8495793184555|897.5143457776151|0|1.0|1|1|None|(18, 'Delegates')|None|898.9922695932968
0.12071878905066405|974.617183290005|899.142421550093|980.8495793184555|897.5143457776151|0|1.0|1|1|None|(18, 'Delegates')|None|899.142421550093
0.13279066795573047|949.558467566952|903.857417091731|None|None|None|1.0|1|None|None|(18, 'Delegates')|None|903.857417091731
0.14486254686079686|924.499751843899|908.572412633369|901.0116794639309|915.38735005575|1|1.0|1|1|None|(18, 'Delegates')|None|908.572412633369
0.15693442576586325|904.348693343142|912.6199336747|901.0116794639309|915.38735005575|1|1.0|1|1|None|(18, 'Delegates')|None|912.6199336747
0.16900630467092967|899.985848931539|914.504661705109|901.0116794639309|915.38735005575|1|1.0|1|1|None|(18, 'Delegates')|None|914.504661705109
0.1810781835759961|899.6335489830719|914.6705710077596|901.0116794639309|915.38735005575|1|1.0|1|1|None|(18, 'Delegates')|None|914.6705710077596
0.19315006248106248|899.281249034605|914.83648031041|901.0116794639309|915.38735005575|1|1.0|1|1|None|(18, 'Delegates')|None|914.83648031041
0.20522194138612887|898.589518745317|915.836601367394|901.0116794639309|915.38735005575|1|1.0|1|1|None|(18, 'Delegates')|None|915.836601367394
0.2172938202911953|898.4559708805667|915.9793268441086|901.0116794639309|915.38735005575|1|1.0|1|1|None|(18, 'Delegates')|None|915.9793268441086
0.2293656991962617|898.3224230158163|916.1220523208234|901.0116794639309|915.38735005575|1|1.0|1|1|None|(18, 'Delegates')|None|916.1220523208234
0.2414375781013281|898.188875151066|916.264777797538|901.0116794639309|915.38735005575|1|1.0|1|1|None|(18, 'Delegates')|None|916.264777797538
0.2535094570063945|897.91327178248|916.695220635145|901.0116794639309|915.38735005575|1|1.0|1|1|None|(18, 'Delegates')|None|916.695220635145
0.26558133591146094|897.610176640864|916.893687836194|901.0116794639309|915.38735005575|1|1.0|1|1|None|(18, 'Delegates')|None|916.893687836194
0.2776532148165273|894.646095023951|918.557793335161|901.0116794639309|915.38735005575|1|1.0|1|1|None|(18, 'Delegates')|None|918.557793335161
0.2897250937215937|901.676409654785|918.482031257038|901.0116794639309|915.38735005575|1|1.0|1|1|None|(18, 'Delegates')|None|918.482031257038
0.3017969726266601|1130.86293870394|938.521337737987|None|None|None|1.0|1|None|(12, 'meeting')|None|(18, 'Delegates')|938.521337737987
0.3138688515317265|1291.3343542841|949.752214368983|None|None|None|1.0|1|None|"(14, ""OPEC's"")"|None|(12, 'meeting')|949.752214368983
0.32594073043679295|1310.90132302779|951.686148286296|None|None|None|1.0|1|None|None|"(14, ""OPEC's"")"|None|951.686148286296
0.33801260934185934|1328.74720800519|953.019706424279|1358.2555247809862|948.5273196539288|2|1.0|1|1|None|"(14, ""OPEC's"")"|None|953.019706424279
0.35008448824692573|1346.90604794735|953.913812310106|1358.2555247809862|948.5273196539288|2|1.0|1|1|None|"(14, ""OPEC's"")"|None|953.913812310106
0.3621563671519922|1355.90434377455|953.48272437479|1358.2555247809862|948.5273196539288|2|1.0|1|1|None|"(14, ""OPEC's"")"|None|953.48272437479
0.37422824605705857|1359.02465087039|952.2740422463801|1358.2555247809862|948.5273196539288|2|1.0|1|1|None|"(14, ""OPEC's"")"|None|952.2740422463801
0.38630012496212496|1359.2372782052148|952.1425927015986|1358.2555247809862|948.5273196539288|2|1.0|1|1|None|"(14, ""OPEC's"")"|None|952.1425927015986
0.39837200386719135|1359.44990554004|952.0111431568171|1358.2555247809862|948.5273196539288|2|1.0|1|1|None|"(14, ""OPEC's"")"|None|952.0111431568171
0.41044388277225774|1364.82649724064|947.3420400706179|1358.2555247809862|948.5273196539288|2|1.0|1|1|None|"(14, ""OPEC's"")"|None|947.3420400706179
0.4225157616773242|1365.59158976951|946.8640392090031|1358.2555247809862|948.5273196539288|2|1.0|1|1|None|"(14, ""OPEC's"")"|None|946.8640392090031
0.4345876405823906|1366.09193772981|947.096041972633|1358.2555247809862|948.5273196539288|2|1.0|1|1|None|"(14, ""OPEC's"")"|None|947.096041972633
0.44665951948745697|1366.15716647137|946.373730295162|1358.2555247809862|948.5273196539288|2|1.0|1|1|None|"(14, ""OPEC's"")"|None|946.373730295162
0.4587313983925234|1366.036057939155|946.3688618549925|1358.2555247809862|948.5273196539288|2|1.0|1|1|None|"(14, ""OPEC's"")"|None|946.3688618549925
0.4708032772975898|1365.91494940694|946.363993414823|1358.2555247809862|948.5273196539288|2|1.0|1|1|None|"(14, ""OPEC's"")"|None|946.363993414823
0.4828751562026562|1362.57900688856|946.2001778646011|1358.2555247809862|948.5273196539288|2|1.0|1|1|None|"(14, ""OPEC's"")"|None|946.2001778646011
0.4949470351077226|1360.43424980272|946.537990054697|1358.2555247809862|948.5273196539288|2|1.0|1|1|None|"(14, ""OPEC's"")"|None|946.537990054697
0.507018914012789|1356.94286916705|944.931602355362|1358.2555247809862|948.5273196539288|2|1.0|1|1|None|"(14, ""OPEC's"")"|None|944.931602355362
0.5190907929178554|1348.24463773729|941.514616156997|1358.2555247809862|948.5273196539288|2|1.0|1|1|None|"(14, ""OPEC's"")"|None|941.514616156997
0.5311626718229219|1345.83505770964|940.775709633085|None|None|None|1.0|1|None|None|"(14, ""OPEC's"")"|None|940.775709633085
0.5432345507279882|1352.362670780085|943.886249815361|None|None|None|1.0|1|None|None|"(14, ""OPEC's"")"|None|943.886249815361
0.5553064296330547|1358.89028385053|946.996789997637|None|None|None|1.0|1|None|None|"(14, ""OPEC's"")"|None|946.996789997637
0.567378308538121|1812.53085959757|1179.4214479827351|None|None|None|1.0|0|None|None|None|"(14, ""OPEC's"")"|1179.4214479827351
0.5794501874431874|1852.35411193427|1197.8109819109259|None|None|None|1.0|-2|None|None|None|None|1197.8109819109259
0.5915220663482539|1861.33949652014|1201.4035379620009|None|None|None|1.0|-2|None|None|None|None|1201.4035379620009
0.6035939452533202|1866.30760470489|1203.606127976771|None|None|None|1.0|-2|None|None|None|None|1203.606127976771
0.6156658241583867|1868.70369665773|1204.2693523555806|None|None|None|1.0|-2|None|None|None|None|1204.2693523555806
0.627737703063453|1871.09978861057|1204.93257673439|None|None|None|1.0|-2|None|None|None|None|1204.93257673439
0.6398095819685194|1944.32669155233|1232.449694338142|1947.1326856871322|1231.7805481743546|3|1.0|-2|0|None|None|None|1232.449694338142
0.6518814608735859|1955.43157923761|1234.284609669406|1947.1326856871322|1231.7805481743546|3|1.0|-2|0|None|None|None|1234.284609669406
0.6639533397786522|1955.25280648858|1233.703503208849|1947.1326856871322|1231.7805481743546|3|1.0|-2|0|None|None|None|1233.703503208849
0.6760252186837187|1955.33241358939|1233.50628094804|1947.1326856871322|1231.7805481743546|3|1.0|-2|0|None|None|None|1233.50628094804
0.6880970975887851|1951.35732514132|1231.612357116102|1947.1326856871322|1231.7805481743546|3|1.0|-2|0|None|None|None|1231.612357116102
0.7001689764938515|1949.510418542495|1231.3827404141775|1947.1326856871322|1231.7805481743546|3|1.0|-2|0|None|None|None|1231.3827404141775
0.7122408553989179|1947.66351194367|1231.153123712253|1947.1326856871322|1231.7805481743546|3|1.0|-2|0|None|None|None|1231.153123712253
0.7243127343039844|1945.29841208019|1232.333630452011|1947.1326856871322|1231.7805481743546|3|1.0|-2|0|None|None|None|1232.333630452011
0.7363846132090507|1945.90190223297|1232.010778341488|1947.1326856871322|1231.7805481743546|3|1.0|-2|0|None|None|None|1232.010778341488
0.7484564921141171|1944.5609414978|1232.340957653408|1947.1326856871322|1231.7805481743546|3|1.0|-2|0|None|None|None|1232.340957653408
0.7605283710191835|1944.41971249525|1231.97709378786|1947.1326856871322|1231.7805481743546|3|1.0|-2|0|None|None|None|1231.97709378786
0.7726002499242499|1944.06857073181|1230.974271877465|1947.1326856871322|1231.7805481743546|3|1.0|-2|0|None|None|None|1230.974271877465
0.7846721288293164|1943.66081472343|1231.184937063719|1947.1326856871322|1231.7805481743546|3|1.0|-2|0|None|None|None|1231.184937063719
0.7967440077343827|1942.62609472149|1230.286042768077|1947.1326856871322|1231.7805481743546|3|1.0|-2|0|None|None|None|1230.286042768077
0.8088158866394491|1942.23924039429|1229.336318006782|1947.1326856871322|1231.7805481743546|3|1.0|-2|0|None|None|None|1229.336318006782
0.8208877655445155|1942.47253562149|1229.952431431893|1947.1326856871322|1231.7805481743546|3|1.0|-2|0|None|None|None|1229.952431431893
0.8329596444495819|2015.96032232631|1259.089082508914|None|None|None|1.0|-2|None|None|None|None|1259.089082508914
0.8450315233546484|2019.1377668272867|1258.8931299256974|2037.394108050598|1261.5719064675552|4|1.0|-2|0|None|None|None|1258.8931299256974
0.8571034022597147|2022.3152113282633|1258.6971773424807|2037.394108050598|1261.5719064675552|4|1.0|-2|0|None|None|None|1258.6971773424807
0.8691752811647812|2025.49265582924|1258.501224759264|2037.394108050598|1261.5719064675552|4|1.0|-2|0|None|None|None|1258.501224759264
0.8812471600698476|2030.46911126316|1258.78496026008|2037.394108050598|1261.5719064675552|4|1.0|-2|0|None|None|None|1258.78496026008
0.8933190389749139|2035.07400925014|1259.822321109052|2037.394108050598|1261.5719064675552|4|1.0|-2|0|None|None|None|1259.822321109052
0.9053909178799804|2038.63956670578|1259.629780954684|2037.394108050598|1261.5719064675552|4|1.0|-2|0|None|None|None|1259.629780954684
0.9174627967850468|2043.96734084302|1260.429995038158|2037.394108050598|1261.5719064675552|4|1.0|-2|0|None|None|None|1260.429995038158
0.9295346756901132|2042.92890057692|1259.251752768188|2037.394108050598|1261.5719064675552|4|1.0|-2|0|None|None|None|1259.251752768188
0.9416065545951796|2047.30019426542|1265.303021722038|2037.394108050598|1261.5719064675552|4|1.0|-2|0|None|None|None|1265.303021722038
0.953678433500246|2051.35909722363|1268.221200270586|2037.394108050598|1261.5719064675552|4|1.0|-2|0|None|None|None|1268.221200270586
0.9657503124053124|2054.65133444372|1269.7564069928815|2037.394108050598|1261.5719064675552|4|1.0|-2|0|None|None|None|1269.7564069928815
0.9778221913103788|2057.94357166381|1271.291613715177|None|None|None|1.0|-2|None|None|None|None|1271.291613715177
0.9898940702154452|2059.6447622547|1271.835734398724|None|None|None|1.0|-2|None|None|None|None|1271.835734398724
1.0019659491205115|2062.32259382034|1272.306730663242|None|None|None|1.0|-2|None|None|None|None|1272.306730663242
1.014037828025578|2065.00042538598|1272.7777269277599|None|None|None|1.0|-2|None|None|None|None|1272.7777269277599
1.0261097069306444|2095.40091800786|1271.358927311723|None|None|None|1.0|-2|None|None|None|None|1271.358927311723
1.0381815858357109|2127.52144131472|1271.436390632364|None|None|None|1.0|-2|None|None|None|None|1271.436390632364
1.0502534647407773|2153.67950323781|1273.33809405565|2178.6588656078598|1278.5961529785125|5|1.0|-2|0|None|None|None|1273.33809405565
1.0623253436458437|2159.61653381829|1273.400920732463|2178.6588656078598|1278.5961529785125|5|1.0|-2|0|None|None|None|1273.400920732463
1.07439722255091|2162.85594680523|1273.56603258918|2178.6588656078598|1278.5961529785125|5|1.0|-2|0|None|None|None|1273.56603258918
1.0864691014559764|2167.88701574316|1274.059967575465|2178.6588656078598|1278.5961529785125|5|1.0|-2|0|None|None|None|1274.059967575465
1.0985409803610429|2173.31801437563|1276.208495021226|2178.6588656078598|1278.5961529785125|5|1.0|-2|0|None|None|None|1276.208495021226
1.1106128592661093|2175.69954535742|1277.55289983941|2178.6588656078598|1278.5961529785125|5|1.0|-2|0|None|None|None|1277.55289983941
1.1226847381711758|2181.75725060335|1280.239719124607|2178.6588656078598|1278.5961529785125|5|1.0|-2|0|None|None|None|1280.239719124607
1.134756617076242|2183.97974151211|1281.282193931201|2178.6588656078598|1278.5961529785125|5|1.0|-2|0|None|None|None|1281.282193931201
1.1468284959813084|2185.65071109739|1281.695899177779|2178.6588656078598|1278.5961529785125|5|1.0|-2|0|None|None|None|1281.695899177779
1.1589003748863749|2187.84903433849|1281.258837161916|2178.6588656078598|1278.5961529785125|5|1.0|-2|0|None|None|None|1281.258837161916
1.1709722537914413|2189.01514946719|1280.949419115252|2178.6588656078598|1278.5961529785125|5|1.0|-2|0|None|None|None|1280.949419115252
1.1830441326965078|2189.51957813062|1281.028722214736|2178.6588656078598|1278.5961529785125|5|1.0|-2|0|None|None|None|1281.028722214736
1.195116011601574|2189.606963339735|1281.118188813572|2178.6588656078598|1278.5961529785125|5|1.0|-2|0|None|None|None|1281.118188813572
1.2071878905066404|2189.69434854885|1281.207655412408|2178.6588656078598|1278.5961529785125|5|1.0|-2|0|None|None|None|1281.207655412408
1.2192597694117069|2189.75364774262|1282.035249912825|2178.6588656078598|1278.5961529785125|5|1.0|-2|0|None|None|None|1282.035249912825
1.2313316483167733|2224.65787963205|1282.33082663983|None|None|None|1.0|-2|None|None|None|None|1282.33082663983
1.2434035272218398|2257.38982486327|1286.158183778882|2273.0572816040035|1280.4326809480503|6|1.0|-2|0|None|None|None|1286.158183778882
1.255475406126906|2260.99872376232|1286.44159595225|2273.0572816040035|1280.4326809480503|6|1.0|-2|0|None|None|None|1286.44159595225
1.2675472850319724|2264.06811877595|1286.317967795297|2273.0572816040035|1280.4326809480503|6|1.0|-2|0|None|None|None|1286.317967795297
1.279619163937039|2266.42219482469|1286.28289580889|2273.0572816040035|1280.4326809480503|6|1.0|-2|0|None|None|None|1286.28289580889
1.2916910428421053|2270.00726891585|1285.6245218136419|2273.0572816040035|1280.4326809480503|6|1.0|-2|0|None|None|None|1285.6245218136419
1.3037629217471718|2275.19162685893|1285.287122692091|2273.0572816040035|1280.4326809480503|6|1.0|-2|0|None|None|None|1285.287122692091
1.3158348006522382|2278.188510504285|1284.932072224901|2273.0572816040035|1280.4326809480503|6|1.0|-2|0|None|None|None|1284.932072224901
1.3279066795573045|2281.18539414964|1284.577021757711|2273.0572816040035|1280.4326809480503|6|1.0|-2|0|None|None|None|1284.577021757711
1.339978558462371|2280.54141623853|1276.143562528803|2273.0572816040035|1280.4326809480503|6|1.0|-2|0|None|None|None|1276.143562528803
1.3520504373674374|2279.6837318602647|1273.7524143403466|2273.0572816040035|1280.4326809480503|6|1.0|-2|0|None|None|None|1273.7524143403466
1.3641223162725038|2278.826047482|1271.36126615189|2273.0572816040035|1280.4326809480503|6|1.0|-2|0|None|None|None|1271.36126615189
1.3761941951775702|2278.52973861542|1270.943842378241|2273.0572816040035|1280.4326809480503|6|1.0|-2|0|None|None|None|1270.943842378241
1.3882660740826365|2278.7120640009|1267.8023851017101|2273.0572816040035|1280.4326809480503|6|1.0|-2|0|None|None|None|1267.8023851017101
1.400337952987703|2280.68501319362|1251.254077562466|None|None|None|1.0|-2|None|None|None|None|1251.254077562466
1.4124098318927694|2251.96005526592|1199.188175148531|2258.9029286679984|1204.0887380542208|7|1.0|-2|0|None|None|None|1199.188175148531
1.4244817107978358|2251.44979122156|1196.9512483924086|2258.9029286679984|1204.0887380542208|7|1.0|-2|0|None|None|None|1196.9512483924086
1.4365535897029023|2250.9395271772|1194.714321636286|2258.9029286679984|1204.0887380542208|7|1.0|-2|0|None|None|None|1194.714321636286
1.4486254686079687|2263.46046369076|1202.593597273421|2258.9029286679984|1204.0887380542208|7|1.0|-2|0|None|None|None|1202.593597273421
1.460697347513035|2268.02772198538|1205.782104724715|2258.9029286679984|1204.0887380542208|7|1.0|-2|0|None|None|None|1205.782104724715
1.4727692264181014|2268.16913296271|1205.515827506618|2258.9029286679984|1204.0887380542208|7|1.0|-2|0|None|None|None|1205.515827506618
1.4848411053231678|2265.69165043992|1204.745534430769|2258.9029286679984|1204.0887380542208|7|1.0|-2|0|None|None|None|1204.745534430769
1.4969129842282343|2260.26438244015|1202.447688386286|2258.9029286679984|1204.0887380542208|7|1.0|-2|0|None|None|None|1202.447688386286
1.5089848631333007|2264.93597524076|1208.498852526567|2258.9029286679984|1204.0887380542208|7|1.0|-2|0|None|None|None|1208.498852526567
1.521056742038367|2257.96896475741|1207.864425587377|2258.9029286679984|1204.0887380542208|7|1.0|-2|0|None|None|None|1207.864425587377
1.5331286209434334|2253.97881453054|1209.5425022083496|2258.9029286679984|1204.0887380542208|7|1.0|-2|0|None|None|None|1209.5425022083496
1.5452004998484998|2249.98866430367|1211.220578829322|2258.9029286679984|1204.0887380542208|7|1.0|-2|0|None|None|None|1211.220578829322
1.5572723787535663|2139.92279213856|1211.524684478584|None|None|None|1.0|-2|None|None|None|None|1211.524684478584
1.5693442576586327|2111.98292363761|1212.693397452519|None|None|None|1.0|-2|None|None|None|None|1212.693397452519
1.581416136563699|2075.2159230815|1214.2381654866836|None|None|None|1.0|-2|None|None|None|None|1214.2381654866836
1.5934880154687654|2038.44892252539|1215.782933520848|None|None|None|1.0|-2|None|None|None|None|1215.782933520848
1.6055598943738318|1997.37898224023|1215.485821940283|None|None|None|1.0|-2|None|None|None|None|1215.485821940283
1.6176317732788983|1955.72075212195|1212.62487697065|None|None|None|1.0|-2|None|None|None|None|1212.62487697065
1.6297036521839647|1953.01855206178|1210.6015409660731|None|None|None|1.0|-2|None|None|None|None|1210.6015409660731
1.641775531089031|1952.60545735582|1210.830453980972|None|None|None|1.0|-2|None|None|None|None|1210.830453980972
1.6538474099940974|1958.76589896758|1211.9110177936257|None|None|None|1.0|-2|None|None|None|None|1211.9110177936257
1.6659192888991639|1964.92634057934|1212.9915816062792|None|None|None|1.0|-2|None|None|None|None|1212.9915816062792
1.6779911678042303|1971.0867821911|1214.072145418933|None|None|None|1.0|-2|None|None|None|None|1214.072145418933
1.6900630467092967|2004.88683130579|1217.124065835542|None|None|None|1.0|-2|None|None|None|None|1217.124065835542
1.7021349256143632|2013.31029918392|1217.859284531472|None|None|None|1.0|-2|None|None|None|None|1217.859284531472
1.7142068045194294|2023.10592583064|1218.728585556658|None|None|None|1.0|-2|None|None|None|None|1218.728585556658
1.7262786834244959|2042.96485657154|1214.096497956277|2043.3890420993284|1243.2730604702567|8|1.0|-2|0|None|None|None|1214.096497956277
1.7383505623295623|2053.267206359745|1224.2373703495787|2043.3890420993284|1243.2730604702567|8|1.0|-2|0|None|None|None|1224.2373703495787
1.7504224412346288|2063.56955614795|1234.37824274288|2043.3890420993284|1243.2730604702567|8|1.0|-2|0|None|None|None|1234.37824274288
1.7624943201396952|2062.31470316976|1234.857482179729|2043.3890420993284|1243.2730604702567|8|1.0|-2|0|None|None|None|1234.857482179729
1.7745661990447614|2059.773609703|1232.8011218339939|2043.3890420993284|1243.2730604702567|8|1.0|-2|0|None|None|None|1232.8011218339939
1.7866380779498279|2063.72751269009|1230.934126547839|2043.3890420993284|1243.2730604702567|8|1.0|-2|0|None|None|None|1230.934126547839
1.7987099568548943|2065.0081413726|1229.461036646915|2043.3890420993284|1243.2730604702567|8|1.0|-2|0|None|None|None|1229.461036646915
1.8107818357599608|2065.2395643879954|1228.6836332181706|2043.3890420993284|1243.2730604702567|8|1.0|-2|0|None|None|None|1228.6836332181706
1.8228537146650272|2065.47098740339|1227.906229789426|2043.3890420993284|1243.2730604702567|8|1.0|-2|0|None|None|None|1227.906229789426
1.8349255935700937|2068.80869517821|1225.599215579147|2043.3890420993284|1243.2730604702567|8|1.0|-2|0|None|None|None|1225.599215579147
1.8469974724751599|2069.38677161128|1225.109766346282|2043.3890420993284|1243.2730604702567|8|1.0|-2|0|None|None|None|1225.109766346282
1.8590693513802263|2069.22081688998|1224.021738067536|2043.3890420993284|1243.2730604702567|8|1.0|-2|0|None|None|None|1224.021738067536
1.8711412302852928|2071.58766298449|1222.471131936723|2043.3890420993284|1243.2730604702567|8|1.0|-2|0|None|None|None|1222.471131936723
1.8832131091903592|2072.76685320244|1223.203681791997|2043.3890420993284|1243.2730604702567|8|1.0|-2|0|None|None|None|1223.203681791997
1.8952849880954257|2073.6018887659|1223.88404369991|2043.3890420993284|1243.2730604702567|8|1.0|-2|0|None|None|None|1223.88404369991
1.907356867000492|2074.43692432936|1224.5644056078231|2043.3890420993284|1243.2730604702567|8|1.0|-2|0|None|None|None|1224.5644056078231
1.9194287459055583|2073.92367335104|1224.247377552327|2043.3890420993284|1243.2730604702567|8|1.0|-2|0|None|None|None|1224.247377552327
1.9315006248106248|2074.05931836504|1224.359531185328|2043.3890420993284|1243.2730604702567|8|1.0|-2|0|None|None|None|1224.359531185328
1.9435725037156912|2073.98304337481|1223.947219247784|2043.3890420993284|1243.2730604702567|8|1.0|-2|0|None|None|None|1223.947219247784
1.9556443826207577|2072.64160935716|1224.814549953033|2043.3890420993284|1243.2730604702567|8|1.0|-2|0|None|None|None|1224.814549953033
1.967716261525824|2069.09611296316|1227.5759138671724|2043.3890420993284|1243.2730604702567|8|1.0|-2|0|None|None|None|1227.5759138671724
1.9797881404308904|2065.55061656916|1230.337277781312|2043.3890420993284|1243.2730604702567|8|1.0|-2|0|None|None|None|1230.337277781312
1.9918600193359568|2025.56065483961|1249.72229822699|2043.3890420993284|1243.2730604702567|8|1.0|-2|0|None|None|None|1249.72229822699
2.003931898241023|2024.39918940116|1250.923251806618|2043.3890420993284|1243.2730604702567|8|1.0|-2|0|None|None|None|1250.923251806618
2.0160037771460897|2023.19582369381|1252.070723125734|2043.3890420993284|1243.2730604702567|8|1.0|-2|0|None|None|None|1252.070723125734
2.028075656051156|2019.70478914728|1254.355087863562|2043.3890420993284|1243.2730604702567|8|1.0|-2|0|None|None|None|1254.355087863562
2.0401475349562226|2020.04191579032|1255.2487235152125|2043.3890420993284|1243.2730604702567|8|1.0|-2|0|None|None|None|1255.2487235152125
2.052219413861289|2020.37904243336|1256.1423591668631|2043.3890420993284|1243.2730604702567|8|1.0|-2|0|None|None|None|1256.1423591668631
2.064291292766355|2022.06521020888|1254.489653190416|2043.3890420993284|1243.2730604702567|8|1.0|-2|0|None|None|None|1254.489653190416
2.0763631716714217|2022.15743333322|1254.681602213615|2043.3890420993284|1243.2730604702567|8|1.0|-2|0|None|None|None|1254.681602213615
2.088435050576488|2022.05573167524|1254.894519785006|2043.3890420993284|1243.2730604702567|8|1.0|-2|0|None|None|None|1254.894519785006
2.1005069294815546|2021.93012677002|1255.170754219272|2043.3890420993284|1243.2730604702567|8|1.0|-2|0|None|None|None|1255.170754219272
2.112578808386621|2022.34655071991|1256.960253383515|2043.3890420993284|1243.2730604702567|8|1.0|-2|0|None|None|None|1256.960253383515
2.1246506872916875|2022.69484469897|1258.920139250158|2043.3890420993284|1243.2730604702567|8|1.0|-2|0|None|None|None|1258.920139250158
2.1367225661967537|2024.15446674023|1259.180261866376|2043.3890420993284|1243.2730604702567|8|1.0|-2|0|None|None|None|1259.180261866376
2.14879444510182|2023.844860615655|1259.2206866101294|2043.3890420993284|1243.2730604702567|8|1.0|-2|0|None|None|None|1259.2206866101294
2.1608663240068866|2023.53525449108|1259.261111353883|2043.3890420993284|1243.2730604702567|8|1.0|-2|0|None|None|None|1259.261111353883
2.172938202911953|2023.0957807278|1259.06087317012|2043.3890420993284|1243.2730604702567|8|1.0|-2|0|None|None|None|1259.06087317012
2.1850100818170195|2024.33717203596|1259.138445241519|2043.3890420993284|1243.2730604702567|8|1.0|-2|0|None|None|None|1259.138445241519
2.1970819607220857|2024.78370037182|1260.0588631393339|2043.3890420993284|1243.2730604702567|8|1.0|-2|0|None|None|None|1260.0588631393339
2.209153839627152|2024.64681940565|1260.185277208144|2043.3890420993284|1243.2730604702567|8|1.0|-2|0|None|None|None|1260.185277208144
2.2212257185322186|2023.86638897086|1260.343617696083|2043.3890420993284|1243.2730604702567|8|1.0|-2|0|None|None|None|1260.343617696083
2.233297597437285|2023.4026201486201|1260.2730546562566|2043.3890420993284|1243.2730604702567|8|1.0|-2|0|None|None|None|1260.2730546562566
2.2453694763423515|2022.93885132638|1260.20249161643|2043.3890420993284|1243.2730604702567|8|1.0|-2|0|None|None|None|1260.20249161643
2.2574413552474177|2021.625520812|1260.958272809656|2043.3890420993284|1243.2730604702567|8|1.0|-2|0|None|None|None|1260.958272809656
2.269513234152484|2022.3852133517|1261.2477073176851|2043.3890420993284|1243.2730604702567|8|1.0|-2|0|None|None|None|1261.2477073176851
2.2815851130575506|2023.06518049692|1261.963732293303|2043.3890420993284|1243.2730604702567|8|1.0|-2|0|None|None|None|1261.963732293303
2.293656991962617|2040.06075381321|1260.94154796526|2043.3890420993284|1243.2730604702567|8|1.0|-2|0|None|None|None|1260.94154796526
2.3057288708676835|2193.29861671427|1256.230821797991|None|None|None|1.0|-2|None|None|None|None|1256.230821797991
2.3178007497727497|2212.72514784119|1255.843400025835|None|None|None|1.0|-2|None|None|None|None|1255.843400025835
2.329872628677816|2228.68981685841|1254.760441424761|2255.4317627571345|1228.1116548580608|9|1.0|-2|0|None|None|None|1254.760441424761
2.3419445075828826|2237.83392081852|1252.760109561774|2255.4317627571345|1228.1116548580608|9|1.0|-2|0|None|None|None|1252.760109561774
2.354016386487949|2248.09819466016|1250.687890902957|2255.4317627571345|1228.1116548580608|9|1.0|-2|0|None|None|None|1250.687890902957
2.3660882653930155|2257.4922791696|1249.494725886493|2255.4317627571345|1228.1116548580608|9|1.0|-2|0|None|None|None|1249.494725886493
2.3781601442980818|2257.47513119659|1249.23284270366|2255.4317627571345|1228.1116548580608|9|1.0|-2|0|None|None|None|1249.23284270366
2.390232023203148|2257.97828581831|1249.485854759034|2255.4317627571345|1228.1116548580608|9|1.0|-2|0|None|None|None|1249.485854759034
2.4023039021082147|2252.61064857674|1243.6560231315939|2255.4317627571345|1228.1116548580608|9|1.0|-2|0|None|None|None|1243.6560231315939
2.414375781013281|2251.84695947338|1243.22480942877|2255.4317627571345|1228.1116548580608|9|1.0|-2|0|None|None|None|1243.22480942877
2.4264476599183475|2252.31844793702|1241.91331456599|2255.4317627571345|1228.1116548580608|9|1.0|-2|0|None|None|None|1241.91331456599
2.4385195388234138|2250.60447131574|1236.066227505902|2255.4317627571345|1228.1116548580608|9|1.0|-2|0|None|None|None|1236.066227505902
2.45059141772848|2250.61659511952|1234.747054567209|2255.4317627571345|1228.1116548580608|9|1.0|-2|0|None|None|None|1234.747054567209
2.4626632966335467|2250.36118231258|1234.5387863629585|2255.4317627571345|1228.1116548580608|9|1.0|-2|0|None|None|None|1234.5387863629585
2.474735175538613|2250.10576950564|1234.330518158708|2255.4317627571345|1228.1116548580608|9|1.0|-2|0|None|None|None|1234.330518158708
2.4868070544436796|2253.39533874741|1232.291082407259|2255.4317627571345|1228.1116548580608|9|1.0|-2|0|None|None|None|1232.291082407259
2.498878933348746|2256.73720389696|1229.984387993892|2255.4317627571345|1228.1116548580608|9|1.0|-2|0|None|None|None|1229.984387993892
2.510950812253812|2264.89166947948|1225.570010414696|2255.4317627571345|1228.1116548580608|9|1.0|-2|0|None|None|None|1225.570010414696
2.5230226911588787|2262.87123483363|1221.975636505525|2255.4317627571345|1228.1116548580608|9|1.0|-2|0|None|None|None|1221.975636505525
2.535094570063945|2259.29196783458|1223.100973037971|2255.4317627571345|1228.1116548580608|9|1.0|-2|0|None|None|None|1223.100973037971
2.5471664489690116|2258.13254246074|1222.1886349037704|2255.4317627571345|1228.1116548580608|9|1.0|-2|0|None|None|None|1222.1886349037704
2.559238327874078|2256.9731170869|1221.27629676957|2255.4317627571345|1228.1116548580608|9|1.0|-2|0|None|None|None|1221.27629676957
2.5713102067791445|2258.60002048724|1214.561913789279|2255.4317627571345|1228.1116548580608|9|1.0|-2|0|None|None|None|1214.561913789279
2.5833820856842107|2258.72985244156|1212.940433122771|2255.4317627571345|1228.1116548580608|9|1.0|-2|0|None|None|None|1212.940433122771
2.595453964589277|2257.61118252975|1211.797122325952|2255.4317627571345|1228.1116548580608|9|1.0|-2|0|None|None|None|1211.797122325952
2.6075258434943436|2256.3542509|1212.69362154098|2255.4317627571345|1228.1116548580608|9|1.0|-2|0|None|None|None|1212.69362154098
2.61959772239941|2256.54026550526|1213.18180369445|2255.4317627571345|1228.1116548580608|9|1.0|-2|0|None|None|None|1213.18180369445
2.6316696013044765|2256.72628011052|1213.66998584792|2255.4317627571345|1228.1116548580608|9|1.0|-2|0|None|None|None|1213.66998584792
2.6437414802095427|2259.3599054561|1214.57936531424|2255.4317627571345|1228.1116548580608|9|1.0|-2|0|None|None|None|1214.57936531424
2.655813359114609|2260.65435967775|1215.1054367604029|2255.4317627571345|1228.1116548580608|9|1.0|-2|0|None|None|None|1215.1054367604029
2.6678852380196756|2259.9606519111|1215.77700699753|2255.4317627571345|1228.1116548580608|9|1.0|-2|0|None|None|None|1215.77700699753
2.679957116924742|2260.43158969847|1216.914335754733|2255.4317627571345|1228.1116548580608|9|1.0|-2|0|None|None|None|1216.914335754733
2.6920289958298085|2260.73726811717|1217.451422311264|2255.4317627571345|1228.1116548580608|9|1.0|-2|0|None|None|None|1217.451422311264
2.7041008747348747|2259.27538106509|1217.653579927048|2255.4317627571345|1228.1116548580608|9|1.0|-2|0|None|None|None|1217.653579927048
2.716172753639941|2257.81349401301|1217.855737542832|2255.4317627571345|1228.1116548580608|9|1.0|-2|0|None|None|None|1217.855737542832
2.7282446325450076|2256.43677297021|1217.430660438199|2255.4317627571345|1228.1116548580608|9|1.0|-2|0|None|None|None|1217.430660438199
2.740316511450074|2262.55564451456|1221.009873672032|2255.4317627571345|1228.1116548580608|9|1.0|-2|0|None|None|None|1221.009873672032
2.7523883903551405|2181.72925007696|1187.02190775736|None|None|None|1.0|-2|None|None|None|None|1187.02190775736
2.7644602692602067|2173.28046475273|1183.306499448983|None|None|None|1.0|-2|None|None|None|None|1183.306499448983
2.776532148165273|2135.36229314906|1167.772241279387|None|None|None|1.0|-2|None|None|None|None|1167.772241279387
2.7886040270703396|2129.10978887325|1165.227910951789|None|None|None|1.0|-2|None|None|None|None|1165.227910951789
2.800675905975406|2124.63230512466|1163.394113727865|None|None|None|1.0|-2|None|None|None|None|1163.394113727865
2.8127477848804725|2116.50122015377|1160.099991795345|None|None|None|1.0|-2|None|None|None|None|1160.099991795345
2.8248196637855387|2093.31170205462|1150.861436860935|2081.1972266819157|1148.6623563662229|10|1.0|-2|0|None|None|None|1150.861436860935
2.836891542690605|2075.23702837323|1141.422483230423|2081.1972266819157|1148.6623563662229|10|1.0|-2|0|None|None|None|1141.422483230423
2.8489634215956716|2077.3036324484333|1142.1094191915688|2081.1972266819157|1148.6623563662229|10|1.0|-2|0|None|None|None|1142.1094191915688
2.861035300500738|2079.3702365236363|1142.7963551527143|2081.1972266819157|1148.6623563662229|10|1.0|-2|0|None|None|None|1142.7963551527143
2.8731071794058045|2081.43684059884|1143.48329111386|2081.1972266819157|1148.6623563662229|10|1.0|-2|0|None|None|None|1143.48329111386
2.8851790583108707|2082.61787172695|1144.1591428066145|2081.1972266819157|1148.6623563662229|10|1.0|-2|0|None|None|None|1144.1591428066145
2.8972509372159374|2083.79890285506|1144.834994499369|2081.1972266819157|1148.6623563662229|10|1.0|-2|0|None|None|None|1144.834994499369
2.9093228161210036|2084.17269576889|1144.986937392925|2081.1972266819157|1148.6623563662229|10|1.0|-2|0|None|None|None|1144.986937392925
2.92139469502607|2084.28603079995|1145.368399954243|2081.1972266819157|1148.6623563662229|10|1.0|-2|0|None|None|None|1145.368399954243
2.9334665739311365|2084.35267051387|1145.4268819783529|2081.1972266819157|1148.6623563662229|10|1.0|-2|0|None|None|None|1145.4268819783529
2.9455384528362027|2084.18272140599|1145.23150110383|2081.1972266819157|1148.6623563662229|10|1.0|-2|0|None|None|None|1145.23150110383
2.9576103317412694|2082.00386327249|1143.796250057219|2081.1972266819157|1148.6623563662229|10|1.0|-2|0|None|None|None|1143.796250057219
2.9696822106463356|2081.79458262322|1145.4235631132506|2081.1972266819157|1148.6623563662229|10|1.0|-2|0|None|None|None|1145.4235631132506
2.981754089551402|2081.58530197395|1147.050876169282|2081.1972266819157|1148.6623563662229|10|1.0|-2|0|None|None|None|1147.050876169282
2.9938259684564685|2081.56034887116|1147.588380004154|2081.1972266819157|1148.6623563662229|10|1.0|-2|0|None|None|None|1147.588380004154
3.0058978473615348|2081.95789029441|1148.341980506495|2081.1972266819157|1148.6623563662229|10|1.0|-2|0|None|None|None|1148.341980506495
3.0179697262666014|2082.35610136346|1149.244393264522|2081.1972266819157|1148.6623563662229|10|1.0|-2|0|None|None|None|1149.244393264522
3.0300416051716677|2083.8781119499|1150.576784416088|2081.1972266819157|1148.6623563662229|10|1.0|-2|0|None|None|None|1150.576784416088
3.042113484076734|2084.36978416028|1151.456861475379|2081.1972266819157|1148.6623563662229|10|1.0|-2|0|None|None|None|1151.456861475379
3.0541853629818005|2084.83361916423|1153.075751860669|2081.1972266819157|1148.6623563662229|10|1.0|-2|0|None|None|None|1153.075751860669
3.0662572418868668|2079.02839069795|1151.852501025548|2081.1972266819157|1148.6623563662229|10|1.0|-2|0|None|None|None|1151.852501025548
3.0783291207919334|2078.68103615866|1152.2196186322187|2081.1972266819157|1148.6623563662229|10|1.0|-2|0|None|None|None|1152.2196186322187
3.0904009996969997|2078.33368161937|1152.5867362388892|2081.1972266819157|1148.6623563662229|10|1.0|-2|0|None|None|None|1152.5867362388892
3.102472878602066|2077.98632708008|1152.95385384556|2081.1972266819157|1148.6623563662229|10|1.0|-2|0|None|None|None|1152.95385384556
3.1145447575071326|2076.30437476605|1154.794279135061|2081.1972266819157|1148.6623563662229|10|1.0|-2|0|None|None|None|1154.794279135061
3.126616636412199|2074.6285827043653|1159.011742664635|2081.1972266819157|1148.6623563662229|10|1.0|-2|0|None|None|None|1159.011742664635
3.1386885153172654|2072.95279064268|1163.229206194209|2081.1972266819157|1148.6623563662229|10|1.0|-2|0|None|None|None|1163.229206194209
3.1507603942223317|2063.89723630351|1182.406962313074|None|None|None|1.0|-2|None|None|None|None|1182.406962313074
3.162832273127398|2058.92240173297|1204.160239657254|None|None|None|1.0|-2|None|None|None|None|1204.160239657254
3.1749041520324646|2058.11564680477|1201.98527787312|None|None|None|1.0|-2|None|None|None|None|1201.98527787312
3.186976030937531|2057.82604851092|1200.984197177069|None|None|None|1.0|-2|None|None|None|None|1200.984197177069
3.1990479098425975|2058.37448718107|1201.408198596919|None|None|None|1.0|-2|None|None|None|None|1201.408198596919
3.2111197887476637|2075.06199429318|1197.525683658735|None|None|None|1.0|-2|None|None|None|None|1197.525683658735
3.22319166765273|2115.11171579963|1206.814241352191|None|None|None|1.0|-2|None|None|None|None|1206.814241352191
3.2352635465577966|2127.4681382879653|1208.990350600683|None|None|None|1.0|-2|None|None|None|None|1208.990350600683
3.247335425462863|2139.8245607763|1211.166459849175|None|None|None|1.0|-2|None|None|None|None|1211.166459849175
3.2594073043679295|2153.0312710879853|1212.530552606147|2183.8696707443873|1224.7055307936607|11|1.0|-2|0|None|None|None|1212.530552606147
3.2714791832729957|2166.23798139967|1213.894645363119|2183.8696707443873|1224.7055307936607|11|1.0|-2|0|None|None|None|1213.894645363119
3.283551062178062|2179.3968738393146|1217.227389796196|2183.8696707443873|1224.7055307936607|11|1.0|-2|0|None|None|None|1217.227389796196
3.2956229410831286|2192.55576627896|1220.560134229273|2183.8696707443873|1224.7055307936607|11|1.0|-2|0|None|None|None|1220.560134229273
3.307694819988195|2185.91854759772|1220.198923412322|2183.8696707443873|1224.7055307936607|11|1.0|-2|0|None|None|None|1220.198923412322
3.3197666988932615|2179.28132891648|1219.837712595371|2183.8696707443873|1224.7055307936607|11|1.0|-2|0|None|None|None|1219.837712595371
3.3318385777983277|2180.71220687901|1219.4358046746306|2183.8696707443873|1224.7055307936607|11|1.0|-2|0|None|None|None|1219.4358046746306
3.3439104567033944|2182.14308484154|1219.03389675389|2183.8696707443873|1224.7055307936607|11|1.0|-2|0|None|None|None|1219.03389675389
3.3559823356084606|2183.917680070205|1220.4489713520811|2183.8696707443873|1224.7055307936607|11|1.0|-2|0|None|None|None|1220.4489713520811
3.368054214513527|2185.69227529887|1221.864045950272|2183.8696707443873|1224.7055307936607|11|1.0|-2|0|None|None|None|1221.864045950272
3.3801260934185935|2184.86721998049|1222.249702973944|2183.8696707443873|1224.7055307936607|11|1.0|-2|0|None|None|None|1222.249702973944
3.3921979723236597|2184.61284159979|1222.1275272541782|2183.8696707443873|1224.7055307936607|11|1.0|-2|0|None|None|None|1222.1275272541782
3.4042698512287264|2184.35846321909|1222.005351534412|2183.8696707443873|1224.7055307936607|11|1.0|-2|0|None|None|None|1222.005351534412
3.4163417301337926|2184.56431571325|1221.498503798299|2183.8696707443873|1224.7055307936607|11|1.0|-2|0|None|None|None|1221.498503798299
3.428413609038859|2185.23941488198|1222.925555499077|2183.8696707443873|1224.7055307936607|11|1.0|-2|0|None|None|None|1222.925555499077
3.4404854879439255|2185.49153293207|1224.010660246284|2183.8696707443873|1224.7055307936607|11|1.0|-2|0|None|None|None|1224.010660246284
3.4525573668489917|2185.44149554376|1225.270746218878|2183.8696707443873|1224.7055307936607|11|1.0|-2|0|None|None|None|1225.270746218878
3.4646292457540584|2185.70334893922|1226.359232593081|2183.8696707443873|1224.7055307936607|11|1.0|-2|0|None|None|None|1226.359232593081
3.4767011246591246|2185.75442404337|1226.1378529159524|2183.8696707443873|1224.7055307936607|11|1.0|-2|0|None|None|None|1226.1378529159524
3.488773003564191|2185.80549914752|1225.916473238824|2183.8696707443873|1224.7055307936607|11|1.0|-2|0|None|None|None|1225.916473238824
3.5008448824692575|2186.66581550834|1226.634545523125|2183.8696707443873|1224.7055307936607|11|1.0|-2|0|None|None|None|1226.634545523125
3.5129167613743237|2187.52613186916|1227.352617807426|2183.8696707443873|1224.7055307936607|11|1.0|-2|0|None|None|None|1227.352617807426
3.5249886402793904|2189.06601300598|1231.183253613809|2183.8696707443873|1224.7055307936607|11|1.0|-2|0|None|None|None|1231.183253613809
3.5370605191844566|2190.18409162076|1231.464156945225|2183.8696707443873|1224.7055307936607|11|1.0|-2|0|None|None|None|1231.464156945225
3.549132398089523|2190.72812183904|1231.392055717555|2183.8696707443873|1224.7055307936607|11|1.0|-2|0|None|None|None|1231.392055717555
3.5612042769945895|2191.22476269553|1230.946423021264|2183.8696707443873|1224.7055307936607|11|1.0|-2|0|None|None|None|1230.946423021264
3.5732761558996557|2190.201443080495|1230.9578473077565|2183.8696707443873|1224.7055307936607|11|1.0|-2|0|None|None|None|1230.9578473077565
3.5853480348047224|2189.17812346546|1230.969271594249|2183.8696707443873|1224.7055307936607|11|1.0|-2|0|None|None|None|1230.969271594249
3.5974199137097886|2189.5828567387653|1231.2050364786614|2183.8696707443873|1224.7055307936607|11|1.0|-2|0|None|None|None|1231.2050364786614
3.609491792614855|2189.98759001207|1231.4408013630741|2183.8696707443873|1224.7055307936607|11|1.0|-2|0|None|None|None|1231.4408013630741
3.6215636715199215|2179.58217726219|1231.6460314606127|2183.8696707443873|1224.7055307936607|11|1.0|-2|0|None|None|None|1231.6460314606127
3.6336355504249878|2169.17676451231|1231.851261558151|2183.8696707443873|1224.7055307936607|11|1.0|-2|0|None|None|None|1231.851261558151
3.6457074293300544|2050.4099198509|1216.986649237585|None|None|None|1.0|-2|None|None|None|None|1216.986649237585
3.6577793082351207|2026.56572143719|1213.749027451872|None|None|None|1.0|-2|None|None|None|None|1213.749027451872
3.6698511871401873|2005.97318507182|1210.862564909007|None|None|None|1.0|-2|None|None|None|None|1210.862564909007
3.6819230660452535|1991.71579577763|1209.083210754909|1959.4168423956082|1207.800676286985|12|1.0|-2|0|None|None|None|1209.083210754909
3.6939949449503198|1955.2967814864|1205.626937790319|1959.4168423956082|1207.800676286985|12|1.0|-2|0|None|None|None|1205.626937790319
3.7060668238553864|1955.50546955614|1206.0954549733847|1959.4168423956082|1207.800676286985|12|1.0|-2|0|None|None|None|1206.0954549733847
3.7181387027604527|1955.71415762588|1206.56397215645|1959.4168423956082|1207.800676286985|12|1.0|-2|0|None|None|None|1206.56397215645
3.7302105816655193|1957.67129572473|1208.561688730716|1959.4168423956082|1207.800676286985|12|1.0|-2|0|None|None|None|1208.561688730716
3.7422824605705856|1957.284314929595|1208.3092151816859|1959.4168423956082|1207.800676286985|12|1.0|-2|0|None|None|None|1208.3092151816859
3.754354339475652|1956.89733413446|1208.056741632656|1959.4168423956082|1207.800676286985|12|1.0|-2|0|None|None|None|1208.056741632656
3.7664262183807184|1957.23647071392|1208.225798234756|1959.4168423956082|1207.800676286985|12|1.0|-2|0|None|None|None|1208.225798234756
3.7784980972857847|1958.28731641581|1208.433292640666|1959.4168423956082|1207.800676286985|12|1.0|-2|0|None|None|None|1208.433292640666
3.7905699761908513|1958.15060981617|1208.413135654058|1959.4168423956082|1207.800676286985|12|1.0|-2|0|None|None|None|1208.413135654058
3.8026418550959176|1957.50638378995|1205.832200147259|1959.4168423956082|1207.800676286985|12|1.0|-2|0|None|None|None|1205.832200147259
3.814713734000984|1956.55328491832|1204.5450042238099|1959.4168423956082|1207.800676286985|12|1.0|-2|0|None|None|None|1204.5450042238099
3.8267856129060505|1956.856621189275|1208.669273373644|1959.4168423956082|1207.800676286985|12|1.0|-2|0|None|None|None|1208.669273373644
3.8388574918111167|1957.15995746023|1212.793542523478|1959.4168423956082|1207.800676286985|12|1.0|-2|0|None|None|None|1212.793542523478
3.8509293707161834|1975.23573563083|1235.771325256163|None|None|None|1.0|-2|None|None|None|None|1235.771325256163
3.8630012496212496|1978.8115407128|1240.6598869353804|None|None|None|1.0|-2|None|None|None|None|1240.6598869353804
3.875073128526316|1982.38734579477|1245.5484486145979|1999.5399493442371|1267.3179673329867|13|1.0|-2|0|None|None|None|1245.5484486145979
3.8871450074313825|1987.69443358392|1252.172728585962|1999.5399493442371|1267.3179673329867|13|1.0|-2|0|None|None|None|1252.172728585962
3.8992168863364487|1988.41091083242|1255.246890797077|1999.5399493442371|1267.3179673329867|13|1.0|-2|0|None|None|None|1255.246890797077
3.9112887652415154|1990.11919868092|1257.988341751566|1999.5399493442371|1267.3179673329867|13|1.0|-2|0|None|None|None|1257.988341751566
3.9233606441465816|1998.39317845451|1267.643753870526|1999.5399493442371|1267.3179673329867|13|1.0|-2|0|None|None|None|1267.643753870526
3.935432523051648|1999.2446218314099|1268.078432288124|1999.5399493442371|1267.3179673329867|13|1.0|-2|0|None|None|None|1268.078432288124
3.9475044019567145|2000.09606520831|1268.513110705722|1999.5399493442371|1267.3179673329867|13|1.0|-2|0|None|None|None|1268.513110705722
3.9595762808617807|2000.924888854685|1269.0302385980356|1999.5399493442371|1267.3179673329867|13|1.0|-2|0|None|None|None|1269.0302385980356
3.9716481597668474|2001.75371250106|1269.547366490349|1999.5399493442371|1267.3179673329867|13|1.0|-2|0|None|None|None|1269.547366490349
3.9837200386719136|2002.95356900711|1271.60524755751|1999.5399493442371|1267.3179673329867|13|1.0|-2|0|None|None|None|1271.60524755751
3.99579191757698|2003.20167148416|1272.369967230057|1999.5399493442371|1267.3179673329867|13|1.0|-2|0|None|None|None|1272.369967230057
4.007863796482046|2003.2748636977467|1272.3880672130947|1999.5399493442371|1267.3179673329867|13|1.0|-2|0|None|None|None|1272.3880672130947
4.019935675387113|2003.3480559113334|1272.4061671961322|1999.5399493442371|1267.3179673329867|13|1.0|-2|0|None|None|None|1272.4061671961322
4.032007554292179|2003.42124812492|1272.4242671791699|1999.5399493442371|1267.3179673329867|13|1.0|-2|0|None|None|None|1272.4242671791699
4.044079433197246|2003.39494647444|1272.721939661959|1999.5399493442371|1267.3179673329867|13|1.0|-2|0|None|None|None|1272.721939661959
4.056151312102312|2003.3815916614|1271.027752137095|1999.5399493442371|1267.3179673329867|13|1.0|-2|0|None|None|None|1271.027752137095
4.0682231910073785|2003.55638416762|1270.110484043608|1999.5399493442371|1267.3179673329867|13|1.0|-2|0|None|None|None|1270.110484043608
4.080295069912445|2003.88914125007|1269.921845578665|1999.5399493442371|1267.3179673329867|13|1.0|-2|0|None|None|None|1269.921845578665
4.092366948817511|2003.67037155749|1270.733057880667|1999.5399493442371|1267.3179673329867|13|1.0|-2|0|None|None|None|1270.733057880667
4.104438827722578|2003.56833981615|1271.997641796797|1999.5399493442371|1267.3179673329867|13|1.0|-2|0|None|None|None|1271.997641796797
4.116510706627644|2003.65439733454|1272.201564816008|1999.5399493442371|1267.3179673329867|13|1.0|-2|0|None|None|None|1272.201564816008
4.12858258553271|2005.37087043727|1273.322936274917|None|None|None|1.0|-2|None|None|None|None|1273.322936274917
4.140654464437777|2023.9710837268549|1281.787456745532|None|None|None|1.0|-2|None|None|None|None|1281.787456745532
4.152726343342843|2042.57129701644|1290.251977216147|None|None|None|1.0|-2|None|None|None|None|1290.251977216147
4.16479822224791|2055.37550399439|1292.311104460736|None|None|None|1.0|-2|None|None|None|None|1292.311104460736
4.176870101152976|2063.01397498763|1293.0771602931989|None|None|None|1.0|-2|None|None|None|None|1293.0771602931989
4.1889419800580425|2070.65244598087|1293.843216125662|None|None|None|1.0|-2|None|None|None|None|1293.843216125662
4.201013858963109|2132.7034848789176|1299.3244634506661|None|None|None|1.0|-2|None|None|None|None|1299.3244634506661
4.213085737868175|2194.75452377696|1304.80571077567|None|None|None|1.0|-2|None|None|None|None|1304.80571077567
4.225157616773242|2181.66204395801|1303.397608910322|None|None|None|1.0|-2|None|None|None|None|1303.397608910322
4.237229495678308|2235.65978919928|1303.223247038155|None|None|None|1.0|-2|None|None|None|None|1303.223247038155
4.249301374583375|2236.29346201149|1300.674342545485|None|None|None|1.0|-2|None|None|None|None|1300.674342545485
4.261373253488441|2237.26836289386|1299.415159887061|None|None|None|1.0|-2|None|None|None|None|1299.415159887061
4.273445132393507|2237.6463785282|1298.973421381109|None|None|None|1.0|-2|None|None|None|None|1298.973421381109
4.285517011298574|2238.02439416254|1298.531682875157|None|None|None|1.0|-2|None|None|None|None|1298.531682875157
4.29758889020364|2241.39546008078|1298.253625042257|None|None|None|1.0|-2|None|None|None|None|1298.253625042257
4.3096607691087065|2239.61979932202|1297.279289889374|None|None|None|1.0|-2|None|None|None|None|1297.279289889374
4.321732648013773|2009.45689080902|1200.417517200581|1959.3412486639277|1198.7108013107277|14|1.0|-2|0|None|None|None|1200.417517200581
4.333804526918839|2003.66763431825|1197.776343060308|1959.3412486639277|1198.7108013107277|14|1.0|-2|0|None|None|None|1197.776343060308
4.345876405823906|1999.38465923074|1195.857301963642|1959.3412486639277|1198.7108013107277|14|1.0|-2|0|None|None|None|1195.857301963642
4.357948284728972|1994.74180206881|1194.106874162122|1959.3412486639277|1198.7108013107277|14|1.0|-2|0|None|None|None|1194.106874162122
4.370020163634039|1990.45329471569|1192.802237060278|1959.3412486639277|1198.7108013107277|14|1.0|-2|0|None|None|None|1192.802237060278
4.382092042539105|1984.01153647787|1190.549559926902|1959.3412486639277|1198.7108013107277|14|1.0|-2|0|None|None|None|1190.549559926902
4.3941639214441715|1979.36474930705|1189.904344259024|1959.3412486639277|1198.7108013107277|14|1.0|-2|0|None|None|None|1189.904344259024
4.406235800349238|1978.57181491725|1188.790195326348|1959.3412486639277|1198.7108013107277|14|1.0|-2|0|None|None|None|1188.790195326348
4.418307679254304|1977.38362199387|1190.970014135411|1959.3412486639277|1198.7108013107277|14|1.0|-2|0|None|None|None|1190.970014135411
4.430379558159371|1977.2240697244451|1191.225314149075|1959.3412486639277|1198.7108013107277|14|1.0|-2|0|None|None|None|1191.225314149075
4.442451437064437|1977.06451745502|1191.480614162739|1959.3412486639277|1198.7108013107277|14|1.0|-2|0|None|None|None|1191.480614162739
4.454523315969503|1977.26413756784|1193.450078400358|1959.3412486639277|1198.7108013107277|14|1.0|-2|0|None|None|None|1193.450078400358
4.46659519487457|1976.28876201467|1194.856501153962|1959.3412486639277|1198.7108013107277|14|1.0|-2|0|None|None|None|1194.856501153962
4.478667073779636|1972.41880066404|1197.374362580679|1959.3412486639277|1198.7108013107277|14|1.0|-2|0|None|None|None|1197.374362580679
4.490738952684703|1969.02256249156|1198.792313845752|1959.3412486639277|1198.7108013107277|14|1.0|-2|0|None|None|None|1198.792313845752
4.502810831589769|1963.7724012790068|1199.6389688188672|1959.3412486639277|1198.7108013107277|14|1.0|-2|0|None|None|None|1199.6389688188672
4.5148827104948355|1958.5222400664534|1200.4856237919826|1959.3412486639277|1198.7108013107277|14|1.0|-2|0|None|None|None|1200.4856237919826
4.526954589399902|1953.2720788539|1201.332278765098|1959.3412486639277|1198.7108013107277|14|1.0|-2|0|None|None|None|1201.332278765098
4.539026468304968|1949.68908856485|1201.203353750644|1959.3412486639277|1198.7108013107277|14|1.0|-2|0|None|None|None|1201.203353750644
4.551098347210035|1950.35757393098|1201.546337462131|1959.3412486639277|1198.7108013107277|14|1.0|-2|0|None|None|None|1201.546337462131
4.563170226115101|1948.5093382272|1199.901515779095|1959.3412486639277|1198.7108013107277|14|1.0|-2|0|None|None|None|1199.901515779095
4.575242105020167|1949.22737497239|1200.83866657508|1959.3412486639277|1198.7108013107277|14|1.0|-2|0|None|None|None|1200.83866657508
4.587313983925234|1949.32549880754|1200.395923763409|1959.3412486639277|1198.7108013107277|14|1.0|-2|0|None|None|None|1200.395923763409
4.5993858628303|1949.42362264269|1199.953180951738|1959.3412486639277|1198.7108013107277|14|1.0|-2|0|None|None|None|1199.953180951738
4.611457741735367|1949.52286446257|1199.802952173228|1959.3412486639277|1198.7108013107277|14|1.0|-2|0|None|None|None|1199.802952173228
4.623529620640433|1950.63413959874|1200.6080102215785|1959.3412486639277|1198.7108013107277|14|1.0|-2|0|None|None|None|1200.6080102215785
4.6356014995454995|1951.74541473491|1201.413068269929|1959.3412486639277|1198.7108013107277|14|1.0|-2|0|None|None|None|1201.413068269929
4.647673378450566|1952.11941591038|1201.511520843071|1959.3412486639277|1198.7108013107277|14|1.0|-2|0|None|None|None|1201.511520843071
4.659745257355632|1953.12859602107|1200.893045390232|1959.3412486639277|1198.7108013107277|14|1.0|-2|0|None|None|None|1200.893045390232
4.671817136260699|1953.44023515577|1200.751625041486|1959.3412486639277|1198.7108013107277|14|1.0|-2|0|None|None|None|1200.751625041486
4.683889015165765|1953.54959650248|1200.7333478669989|1959.3412486639277|1198.7108013107277|14|1.0|-2|0|None|None|None|1200.7333478669989
4.695960894070832|1953.58534642945|1200.7246446783613|1959.3412486639277|1198.7108013107277|14|1.0|-2|0|None|None|None|1200.7246446783613
4.708032772975898|1953.62109635642|1200.715941489724|1959.3412486639277|1198.7108013107277|14|1.0|-2|0|None|None|None|1200.715941489724
4.720104651880964|1952.84088359912|1200.406470028679|1959.3412486639277|1198.7108013107277|14|1.0|-2|0|None|None|None|1200.406470028679
4.732176530786031|1952.81525124823|1200.438636291117|1959.3412486639277|1198.7108013107277|14|1.0|-2|0|None|None|None|1200.438636291117
4.744248409691097|1952.50551043335|1202.1223857791201|1959.3412486639277|1198.7108013107277|14|1.0|-2|0|None|None|None|1202.1223857791201
4.7563202885961635|1952.27158226562|1202.253834004113|1959.3412486639277|1198.7108013107277|14|1.0|-2|0|None|None|None|1202.253834004113
4.76839216750123|1952.3735009611335|1202.0946930541081|1959.3412486639277|1198.7108013107277|14|1.0|-2|0|None|None|None|1202.0946930541081
4.780464046406296|1952.4754196566466|1201.935552104103|1959.3412486639277|1198.7108013107277|14|1.0|-2|0|None|None|None|1201.935552104103
4.792535925311363|1952.57733835216|1201.776411154098|1959.3412486639277|1198.7108013107277|14|1.0|-2|0|None|None|None|1201.776411154098
4.804607804216429|1953.21090706671|1203.5384327421011|1959.3412486639277|1198.7108013107277|14|1.0|-2|0|None|None|None|1203.5384327421011
4.816679683121496|1953.90318527492|1203.445541006189|1959.3412486639277|1198.7108013107277|14|1.0|-2|0|None|None|None|1203.445541006189
4.828751562026562|1953.88691884773|1203.007013702562|1959.3412486639277|1198.7108013107277|14|1.0|-2|0|None|None|None|1203.007013702562
4.840823440931628|1954.03618130182|1202.882513827878|1959.3412486639277|1198.7108013107277|14|1.0|-2|0|None|None|None|1202.882513827878
4.852895319836695|1954.05752628541|1202.250429478668|1959.3412486639277|1198.7108013107277|14|1.0|-2|0|None|None|None|1202.250429478668
4.864967198741761|1953.834515971685|1202.2925846508008|1959.3412486639277|1198.7108013107277|14|1.0|-2|0|None|None|None|1202.2925846508008
4.8770390776468275|1953.61150565796|1202.334739822934|1959.3412486639277|1198.7108013107277|14|1.0|-2|0|None|None|None|1202.334739822934
4.889110956551894|1950.71577475179|1202.198986461032|1959.3412486639277|1198.7108013107277|14|1.0|-2|0|None|None|None|1202.198986461032
4.90118283545696|1950.402657839035|1202.0192091060117|1959.3412486639277|1198.7108013107277|14|1.0|-2|0|None|None|None|1202.0192091060117
4.913254714362027|1950.08954092628|1201.839431750991|1959.3412486639277|1198.7108013107277|14|1.0|-2|0|None|None|None|1201.839431750991
4.925326593267093|1949.57817024926|1202.236073840151|1959.3412486639277|1198.7108013107277|14|1.0|-2|0|None|None|None|1202.236073840151
4.93739847217216|1949.71234613592|1202.686570334432|1959.3412486639277|1198.7108013107277|14|1.0|-2|0|None|None|None|1202.686570334432
4.949470351077226|1950.54406119749|1203.9636136774|1959.3412486639277|1198.7108013107277|14|1.0|-2|0|None|None|None|1203.9636136774
4.961542229982292|1950.76197966472|1204.378340762988|1959.3412486639277|1198.7108013107277|14|1.0|-2|0|None|None|None|1204.378340762988
4.973614108887359|1951.04501119131|1204.418504550259|1959.3412486639277|1198.7108013107277|14|1.0|-2|0|None|None|None|1204.418504550259
4.985685987792425|1953.33373811298|1196.968950471625|1959.3412486639277|1198.7108013107277|14|1.0|-2|0|None|None|None|1196.968950471625
4.997757866697492|1952.6740676589|1196.708420324442|1959.3412486639277|1198.7108013107277|14|1.0|-2|0|None|None|None|1196.708420324442
5.009829745602558|1951.32802475965|1195.267644400219|1959.3412486639277|1198.7108013107277|14|1.0|-2|0|None|None|None|1195.267644400219
5.021901624507624|1950.80327578676|1194.6864002578975|1959.3412486639277|1198.7108013107277|14|1.0|-2|0|None|None|None|1194.6864002578975
5.033973503412691|1950.27852681387|1194.105156115576|1959.3412486639277|1198.7108013107277|14|1.0|-2|0|None|None|None|1194.105156115576
5.046045382317757|1950.21224421434|1193.084947577136|1959.3412486639277|1198.7108013107277|14|1.0|-2|0|None|None|None|1193.084947577136
5.058117261222824|1950.00586141794|1192.937686948276|1959.3412486639277|1198.7108013107277|14|1.0|-2|0|None|None|None|1192.937686948276
5.07018914012789|1950.6084861798|1194.78722095669|1959.3412486639277|1198.7108013107277|14|1.0|-2|0|None|None|None|1194.78722095669
5.0822610190329565|1950.40218739436|1194.768283221227|1959.3412486639277|1198.7108013107277|14|1.0|-2|0|None|None|None|1194.768283221227
5.094332897938023|1950.087880574585|1193.6809714355275|1959.3412486639277|1198.7108013107277|14|1.0|-2|0|None|None|None|1193.6809714355275
5.106404776843089|1949.77357375481|1192.593659649828|1959.3412486639277|1198.7108013107277|14|1.0|-2|0|None|None|None|1192.593659649828
5.118476655748156|1959.05155710876|1162.8271607265801|None|None|None|1.0|-2|None|None|None|None|1162.8271607265801
5.130548534653222|1964.87236510527|1134.52456824637|None|None|None|1.0|-2|None|None|None|None|1134.52456824637
5.142620413558289|2028.49512401681|854.415862820256|None|None|None|1.0|-2|None|None|None|None|854.415862820256
5.154692292463355|2039.90737375536|683.419618310477|None|None|None|1.0|-2|None|None|None|None|683.419618310477
5.166764171368421|2046.5738230376749|610.363005972549|None|None|None|1.0|-2|None|None|None|None|610.363005972549
5.178836050273488|2053.24027231999|537.306393634621|None|None|None|1.0|-2|None|None|None|None|537.306393634621
5.190907929178554|2060.46095301147|465.71488810378105|None|None|None|1.0|-2|None|None|None|None|465.71488810378105
5.2029798080836205|2072.19953722687|361.3044803447001|None|None|None|1.0|-2|None|None|None|None|361.3044803447001
5.215051686988687|2078.71453506212|300.81828705296994|None|None|None|1.0|-2|None|None|None|None|300.81828705296994
5.227123565893753|2088.0268193886|149.82045125705008|2071.794372824044|155.89395819702733|15|1.0|-2|4|None|None|None|149.82045125705008
5.23919544479882|2089.2659488347267|148.9032119448434|2071.794372824044|155.89395819702733|15|1.0|-2|4|None|None|None|148.9032119448434
5.251267323703886|2090.5050782808535|147.98597263263673|2071.794372824044|155.89395819702733|15|1.0|-2|4|None|None|None|147.98597263263673
5.263339202608953|2091.74420772698|147.06873332043006|2071.794372824044|155.89395819702733|15|1.0|-2|4|None|None|None|147.06873332043006
5.275411081514019|2089.4979627131|147.84581892590995|2071.794372824044|155.89395819702733|15|1.0|-2|4|None|None|None|147.84581892590995
5.287482960419085|2089.31085552081|146.15751005666493|2071.794372824044|155.89395819702733|15|1.0|-2|4|None|None|None|146.15751005666493
5.299554839324152|2089.12374832852|144.4692011874199|2071.794372824044|155.89395819702733|15|1.0|-2|4|None|None|None|144.4692011874199
5.311626718229218|2089.1925591533|144.4425859872199|2071.794372824044|155.89395819702733|15|1.0|-2|4|None|None|None|144.4425859872199
5.3236985971342845|2089.06789067604|143.87426918621009|2071.794372824044|155.89395819702733|15|1.0|-2|4|None|None|None|143.87426918621009
5.335770476039351|2086.2697263946|142.1956015016401|2071.794372824044|155.89395819702733|15|1.0|-2|4|None|None|None|142.1956015016401
5.347842354944417|2085.28872990194|141.46347257554999|2071.794372824044|155.89395819702733|15|1.0|-2|4|None|None|None|141.46347257554999
5.359914233849484|2084.65502317347|141.81589932629004|2071.794372824044|155.89395819702733|15|1.0|-2|4|None|None|None|141.81589932629004
5.37198611275455|2084.0483120670697|141.95739262199004|2071.794372824044|155.89395819702733|15|1.0|-2|4|None|None|None|141.95739262199004
5.384057991659617|2083.44160096067|142.09888591769004|2071.794372824044|155.89395819702733|15|1.0|-2|4|None|None|None|142.09888591769004
5.396129870564683|2083.40018852092|146.9749632426599|2071.794372824044|155.89395819702733|15|1.0|-2|4|None|None|None|146.9749632426599
5.408201749469749|2083.89908063911|147.8963505388001|2071.794372824044|155.89395819702733|15|1.0|-2|4|None|None|None|147.8963505388001
5.420273628374816|2083.50865461735|148.6192330639699|2071.794372824044|155.89395819702733|15|1.0|-2|4|None|None|None|148.6192330639699
5.432345507279882|2083.93833100919|150.09469584737008|2071.794372824044|155.89395819702733|15|1.0|-2|4|None|None|None|150.09469584737008
5.4444173861849485|2084.51972176231|150.6217350751199|2071.794372824044|155.89395819702733|15|1.0|-2|4|None|None|None|150.6217350751199
5.456489265090015|2085.14120332415|151.80294427572994|2071.794372824044|155.89395819702733|15|1.0|-2|4|None|None|None|151.80294427572994
5.468561143995082|2083.28491657886|151.89708280690002|2071.794372824044|155.89395819702733|15|1.0|-2|4|None|None|None|151.89708280690002
5.480633022900148|2067.45342985091|157.95574119875005|2071.794372824044|155.89395819702733|15|1.0|-2|4|None|None|None|157.95574119875005
5.492704901805214|2061.66147281176|163.41539714027|2071.794372824044|155.89395819702733|15|1.0|-2|4|None|None|None|163.41539714027
5.504776780710281|2061.75191093162|162.9089478435401|2071.794372824044|155.89395819702733|15|1.0|-2|4|None|None|None|162.9089478435401
5.516848659615347|2059.22794261816|166.3982470917199|2071.794372824044|155.89395819702733|15|1.0|-2|4|None|None|None|166.3982470917199
5.528920538520413|2059.229209207945|166.84462161060992|2071.794372824044|155.89395819702733|15|1.0|-2|4|None|None|None|166.84462161060992
5.54099241742548|2059.23047579773|167.29099612949994|2071.794372824044|155.89395819702733|15|1.0|-2|4|None|None|None|167.29099612949994
5.553064296330546|2057.14630416165|167.15774655998007|2071.794372824044|155.89395819702733|15|1.0|-2|4|None|None|None|167.15774655998007
5.5651361752356125|2055.44261639542|165.78237540185|2071.794372824044|155.89395819702733|15|1.0|-2|4|None|None|None|165.78237540185
5.577208054140679|2054.23910299298|163.96383004844006|2071.794372824044|155.89395819702733|15|1.0|-2|4|None|None|None|163.96383004844006
5.589279933045746|2052.80532641104|163.17014261538998|2071.794372824044|155.89395819702733|15|1.0|-2|4|None|None|None|163.17014261538998
5.601351811950812|2052.26178643313|162.59951119836|2071.794372824044|155.89395819702733|15|1.0|-2|4|None|None|None|162.59951119836
5.613423690855878|2052.88706658469|161.8453538194699|2071.794372824044|155.89395819702733|15|1.0|-2|4|None|None|None|161.8453538194699
5.625495569760945|2051.97783104273|162.02911947594998|2071.794372824044|155.89395819702733|15|1.0|-2|4|None|None|None|162.02911947594998
5.637567448666011|2055.00979370649|162.5891027564901|2071.794372824044|155.89395819702733|15|1.0|-2|4|None|None|None|162.5891027564901
5.6496393275710775|2055.37432185875|163.61567074382992|2071.794372824044|155.89395819702733|15|1.0|-2|4|None|None|None|163.61567074382992
5.661711206476144|2057.08021510684|164.85184441558|2071.794372824044|155.89395819702733|15|1.0|-2|4|None|None|None|164.85184441558
5.67378308538121|2058.79333439217|166.12947220562|2071.794372824044|155.89395819702733|15|1.0|-2|4|None|None|None|166.12947220562
5.685854964286277|2059.86835933485|166.58533331084004|2071.794372824044|155.89395819702733|15|1.0|-2|4|None|None|None|166.58533331084004
5.697926843191343|2059.13976199443|166.85401186997|2071.794372824044|155.89395819702733|15|1.0|-2|4|None|None|None|166.85401186997
5.70999872209641|2059.43535278637|167.64332405156006|2071.794372824044|155.89395819702733|15|1.0|-2|4|None|None|None|167.64332405156006
5.722070601001476|2060.05151493517|167.5660785699199|2071.794372824044|155.89395819702733|15|1.0|-2|4|None|None|None|167.5660785699199
5.734142479906542|2059.96034250648|168.2373231224401|2071.794372824044|155.89395819702733|15|1.0|-2|4|None|None|None|168.2373231224401
5.746214358811609|2055.19708483171|186.58486201198002|None|None|None|1.0|-2|None|None|None|None|186.58486201198002
5.758286237716675|2034.85314073501|262.4331963899699|None|None|None|1.0|-2|None|None|None|None|262.4331963899699
