user;document;corpus;paragraph;system_relevance;perceived_relevance;system_relevance_type;f_average_fixation_duration;f_average_forward_saccades_length;f_regression_ratio;f_thorough_reading_ratio;f_coherently_read_text_length
A01;g-rel_q116-1;g-rel;0;True;True;r;0.28523592860376185;181.2796724394884;0.0;0.9157502771701592;7816.621451265717
A01;g-rel_q118-1;g-rel;0;True;True;r;0.3473066231844835;180.7871373700341;0.0;0.7198742115293401;3865.3137359874154
A01;g-rel_q103-1;g-rel;0;False;False;i;0.32589795361611396;168.38274658008862;0.0;0.8942407718573171;8450.315694018014
A01;g-rel_q076-1;g-rel;0;True;False;r;0.30623179518342564;171.2574353577303;0.0;0.8661460129106402;8151.045764740123
A01;g-rel_q097-2;g-rel;0;False;False;t;0.30946435928602134;157.5561753018269;0.0;0.8063769760167251;9628.348950143345
A01;g-rel_q094-2;g-rel;0;False;False;t;0.3634759931372453;172.7137179425406;0.0;0.8847950356788643;6999.889293261813
A01;g-rel_q088-1;g-rel;0;False;False;t;0.3558266777938171;167.59301497317222;0.0;0.8796391853079167;6936.622736803563
A01;g-rel_q075-1;g-rel;0;False;False;i;0.3182948731074217;178.38164394321794;0.0;0.8558614169086145;3773.0875129866736
A01;g-rel_q128-1;g-rel;0;True;True;r;0.38682758415292157;160.68157357528884;0.0;1.0;13894.499145295016
A01;g-rel_q122-2;g-rel;0;False;False;i;0.31712980784382566;184.04798249038294;0.0;1.0;4179.700872533735
A01;g-rel_q085-2;g-rel;0;False;False;i;0.3186504410596847;169.71215597508083;0.0;1.0;2862.4878062861217
A01;g-rel_q134-3;g-rel;0;False;False;t;0.28030944758950554;182.9147854315707;0.0;0.8170004727034504;4348.869303533528
A03;g-rel_q128-1;g-rel;0;True;True;r;0.38729909177832555;182.05499974886638;0.0;1.0;4320.39645106064
A03;g-rel_q075-1;g-rel;0;False;False;i;1.3135220233389577;123.13392382058507;0.0;1.0;2855.3962110369275
A03;g-rel_q116-1;g-rel;0;True;True;r;0.34652222596876237;170.8779896998579;0.0;1.0;12834.859080074215
A03;g-rel_q134-3;g-rel;0;False;False;t;0.37933494860246736;164.02955439936468;0.0;0.9031361905830535;14160.209040757485
A03;g-rel_q076-1;g-rel;0;True;True;r;0.3313121653128615;156.3262616536813;0.0;1.0;29440.369606331504
A03;g-rel_q085-2;g-rel;0;False;False;i;0.3396341183236081;169.62197144777736;0.0;0.8791255682372824;15654.574710419596
A03;g-rel_q122-2;g-rel;0;False;False;i;0.4025482571134462;174.8584062232885;0.0;0.8066810143160273;11904.1231380785
A03;g-rel_q094-2;g-rel;0;False;False;t;0.40094509849348065;169.0791414337328;0.0;0.9489811629075298;7373.898891412677
A03;g-rel_q088-1;g-rel;0;False;False;t;0.40248343907011286;165.14576610278905;0.0;0.9418237425736191;13337.632824430942
A03;g-rel_q097-2;g-rel;0;False;False;t;0.4802326113909298;141.48653906530257;0.0;0.9386493991627002;11059.811033719532
A03;g-rel_q103-1;g-rel;0;False;False;i;0.37928301265005276;169.88992005033992;0.0;0.8106574692909337;3392.2963419262474
A03;g-rel_q118-1;g-rel;0;True;True;r;0.45343487721782033;168.16191599018094;0.0;1.0;14811.686729551086
A04;g-rel_q075-1;g-rel;0;False;False;i;0.3364325851610263;169.13065789468092;0.0;0.9016867701196032;12426.530732463896
A04;g-rel_q118-1;g-rel;0;True;True;r;0.3420855077046827;177.65398117417217;0.0;0.7841899615083768;8848.737878690255
A04;g-rel_q103-1;g-rel;0;False;False;i;0.36679025392188636;192.71960596708522;0.0;0.7579508535564706;9260.647007468862
A04;g-rel_q116-1;g-rel;0;True;False;r;0.3779489953463885;187.2140383758137;0.0;0.9411161002207867;10875.9939454117
A04;g-rel_q097-2;g-rel;0;False;False;t;0.3400402558833136;161.3176950952973;0.0;0.905699227486379;7424.18221455368
A04;g-rel_q122-2;g-rel;0;False;False;i;0.3110933437675159;175.60695725086535;0.0;0.6804314166173885;7706.39422607938
A04;g-rel_q094-2;g-rel;0;False;False;t;0.34155924486424716;166.62294459833836;0.0;0.9044075957705233;17260.160050074348
A04;g-rel_q134-3;g-rel;0;False;True;t;0.3055112975576242;164.82028006130489;0.0;1.0;21469.23275714486
A04;g-rel_q085-2;g-rel;0;False;False;i;0.32673708815593266;178.72860412467327;0.0;0.7102577095983075;5148.468396405378
A04;g-rel_q076-1;g-rel;0;True;True;r;0.3434116575510268;176.45348336908066;0.0;1.0;24798.690879549045
A04;g-rel_q128-1;g-rel;0;True;True;r;0.3667908746437893;190.9052949590667;0.0;0.7002183636914022;6415.040053039855
A04;g-rel_q088-1;g-rel;0;False;False;t;0.3267924755977169;171.6841140942081;0.0;0.7699635025505818;9114.659930505079
A06;g-rel_q076-1;g-rel;0;True;True;r;0.568544588077718;192.01834854914338;0.0;0.8085180130237506;6058.851738688361
A06;g-rel_q097-2;g-rel;0;False;False;t;0.6347067196852542;177.42294790954747;0.0;0.9464181747525506;9974.278168700923
A06;g-rel_q085-2;g-rel;0;False;False;i;0.5250275698109758;183.82703965784046;0.0;0.901517656068077;12688.82109858349
A06;g-rel_q118-1;g-rel;0;True;True;r;0.5443136998623045;160.6403927810327;0.0;0.9459804888935059;14462.215204800561
A06;g-rel_q103-1;g-rel;0;False;False;i;0.4960531598107077;192.24712329763358;0.0;0.8042203589440381;9352.159153665252
A06;g-rel_q116-1;g-rel;0;True;True;r;0.5758307242961065;158.19087884085582;0.0;0.8913563372103138;25104.74469634569
A06;g-rel_q075-1;g-rel;0;False;False;i;0.5761138641615787;174.24820530727922;0.0;1.0;12635.057478106333
A06;g-rel_q134-3;g-rel;0;False;False;t;0.6280046316527003;163.8750637638315;0.0;1.0;16344.247940867683
A06;g-rel_q094-2;g-rel;0;False;True;t;0.58471519613877;157.61133213273055;0.0;1.0;17459.98814911229
A06;g-rel_q128-1;g-rel;0;True;True;r;0.5404966565388762;190.44855001504376;0.0;0.8947159396487369;4789.690721032031
A06;g-rel_q122-2;g-rel;0;False;False;i;0.5393525088286578;176.95331950453667;0.0;0.8572201178877323;10988.486807050002
A06;g-rel_q088-1;g-rel;0;False;False;t;0.535368448279776;157.1044311909802;0.0;1.0;20820.075532394658
A07;g-rel_q076-1;g-rel;0;True;False;r;0.315265907875715;158.01002565204155;0.0;0.8031714596827287;11561.719859249688
A07;g-rel_q103-1;g-rel;0;False;False;i;0.27701802529205777;161.8241880760226;0.0;0.7526582586725141;6714.067320142571
A07;g-rel_q122-2;g-rel;0;False;False;i;0.2670642138381891;184.86333466484527;0.0;1.0;10896.426846382432
A07;g-rel_q128-1;g-rel;0;True;True;r;0.2694221267687326;169.81367739461004;0.0;0.8589650004282261;4941.612032217635
A07;g-rel_q118-1;g-rel;0;True;True;r;0.2633831671215661;175.59670063166143;0.0;1.0;8856.552963476584
A07;g-rel_q075-1;g-rel;0;False;False;i;0.28177738326560864;137.94702319953095;0.0;1.0;12193.678887713222
A07;g-rel_q085-2;g-rel;0;False;False;i;0.26190613457367284;161.06543258584696;0.0;1.0;4608.915289035134
A07;g-rel_q097-2;g-rel;0;False;False;t;0.3166068744889044;166.56402229571904;0.0;0.9264063489179657;8236.95879174128
A07;g-rel_q094-2;g-rel;0;False;False;t;0.2826982293673889;165.03636281725667;0.0;0.7253976172652838;5453.671430270174
A07;g-rel_q134-3;g-rel;0;False;False;t;0.2838673473288253;157.0459533441144;0.0;0.9426028226761068;17160.638750564107
A07;g-rel_q088-1;g-rel;0;False;False;t;0.2686633189123454;173.6981701744912;0.0;0.8768953760001652;6808.294181722253
A07;g-rel_q116-1;g-rel;0;True;True;r;0.25514937737629473;197.0292141473657;0.0;1.0;2801.882188552515
A08;g-rel_q075-1;g-rel;0;False;False;i;0.29430904201772784;185.35833853111455;0.0;0.5364555645075784;5227.039800214772
A08;g-rel_q118-1;g-rel;0;True;True;r;0.2769527062958537;162.97696913121482;0.0;1.0;6734.9034679784645
A08;g-rel_q097-2;g-rel;0;False;False;t;0.3064260245590109;178.06184778800716;0.0;0.8798225925939028;10117.844022087645
A08;g-rel_q103-1;g-rel;0;False;False;i;0.2698800227580927;160.20398776803626;0.0;0.808535986753759;3570.637790152321
A08;g-rel_q116-1;g-rel;0;True;True;r;0.32865576078548175;191.9952218555153;0.0;0.42099841933179866;2898.072305221413
A08;g-rel_q085-2;g-rel;0;False;False;i;0.35923431548434687;159.63002179544677;0.0;0.7450594212067874;8950.803933920106
A08;g-rel_q134-3;g-rel;0;False;False;t;0.3063914583518853;167.8891671350178;0.0;0.68544528948183;4144.901320457635
A08;g-rel_q088-1;g-rel;0;False;False;t;0.2935944096459616;172.56969850561836;0.0;0.8077836040415824;4505.554492449764
A08;g-rel_q076-1;g-rel;0;True;False;r;0.2941670982684178;175.18637032696685;0.0;0.8130632874578299;12020.796913270817
A08;g-rel_q094-2;g-rel;0;False;True;t;0.3030410144366741;175.04702967298581;0.0;0.5741637429657427;3939.7114079069006
A08;g-rel_q122-2;g-rel;0;False;False;i;0.2773969861735006;184.06179337193427;0.0;0.6217878366804677;5934.788470103002
A08;g-rel_q128-1;g-rel;0;True;True;r;0.2512757693221741;175.7510970808521;0.0;0.9062348244420075;6919.425138931538
A09;g-rel_q076-1;g-rel;0;True;False;r;0.2812163876674207;186.55053340015664;0.0;0.6764189150979112;4603.261587755267
A09;g-rel_q075-1;g-rel;0;False;False;i;0.2690882095034944;196.72529609678455;0.0;1.0;2435.423319678774
A09;g-rel_q085-2;g-rel;0;False;False;i;0.26852783090001126;226.1616817055836;0.0;0.0;0.0
A09;g-rel_q128-1;g-rel;0;True;True;r;0.3087144199106065;183.83673257246062;0.0;0.9436635228328321;11885.130016054902
A09;g-rel_q116-1;g-rel;0;True;True;r;0.34623864349664446;196.56239882924726;0.0;0.779155269411468;5052.477872100866
A09;g-rel_q122-2;g-rel;0;False;False;i;0.276365080789187;264.29578971660555;0.0;0.14514339234413454;1917.2716266154198
A09;g-rel_q103-1;g-rel;0;False;False;i;0.2773554668707007;221.8628368531252;0.0;0.7071746789002719;2589.1697395863494
A09;g-rel_q094-2;g-rel;0;False;False;t;0.32149906241274295;177.48472918189063;0.0;0.7014061731764689;7383.051942420255
A09;g-rel_q134-3;g-rel;0;False;False;t;0.34735470459584955;181.10976474968507;0.0;0.7823361865545746;8968.55362002422
A09;g-rel_q097-2;g-rel;0;False;False;t;0.32165886850233527;189.36547245477004;0.0;0.8384171241328833;5452.604206638918
A09;g-rel_q118-1;g-rel;0;True;True;r;0.2772310356866745;213.4366894315658;0.0;0.8402537782780188;2733.8861002931953
A09;g-rel_q088-1;g-rel;0;False;False;t;0.28651619582790616;230.01582824307826;0.0;0.0;0.0
A10;g-rel_q075-1;g-rel;0;False;False;i;0.28297046382410995;194.82358108086484;0.0;0.7974732646254192;4291.076348813336
A10;g-rel_q085-2;g-rel;0;False;False;i;0.27515459654858565;189.09775470170624;0.0;0.6999911569506689;11570.110021670731
A10;g-rel_q103-1;g-rel;0;False;False;i;0.2749791159420773;191.04017649677047;0.0;0.5694102019476668;10719.37863385971
A10;g-rel_q097-2;g-rel;0;False;False;t;0.27998537276436314;181.528897066426;0.0;0.8432989205275871;8605.640885398858
A10;g-rel_q116-1;g-rel;0;True;True;r;0.293733651627246;171.6942456648296;0.0;0.9071884931317865;12963.008360060887
A10;g-rel_q076-1;g-rel;0;True;True;r;0.3138414238762015;180.94165141739492;0.0;0.9591773983869473;11530.70740079707
A10;g-rel_q088-1;g-rel;0;False;False;t;0.3174808628733954;183.41427345775082;0.0;0.7930091468893427;8958.90500237425
A10;g-rel_q122-2;g-rel;0;False;False;i;0.29781677309159077;184.63978709603782;0.0;0.701549522978721;5843.5940835600295
A10;g-rel_q118-1;g-rel;0;True;True;r;0.25568958428839594;182.02559886867203;0.0;0.8259405363938674;12517.215270068707
A10;g-rel_q134-3;g-rel;0;False;False;t;0.3251607263785676;183.33955974970647;0.0;0.8032352088264685;7536.445869480269
A10;g-rel_q128-1;g-rel;0;True;True;r;0.2703940749851763;196.1770869513903;0.0;0.6333842260337926;1469.110562077721
A10;g-rel_q094-2;g-rel;0;False;False;t;0.27889079908947195;172.81205073765457;0.0;0.8327386164802428;5689.0760044506915
A11;g-rel_q097-2;g-rel;0;False;False;t;0.27207871805757416;174.03367912890872;0.0;0.8579084031375951;12352.769852371233
A11;g-rel_q128-1;g-rel;0;True;True;r;0.27167313704018226;161.46285018034362;0.0;0.7830892388481902;8777.10335342357
A11;g-rel_q076-1;g-rel;0;True;True;r;0.2823178678558995;159.9757799600442;0.0;0.8871194739129172;19624.80749651476
A11;g-rel_q118-1;g-rel;0;True;True;r;0.2647699728344525;160.96696877596486;0.0;1.0;12911.743189015499
A11;g-rel_q134-3;g-rel;0;False;False;t;0.26467542325225324;164.401076497563;0.0;0.8830177608947142;25512.73184577737
A11;g-rel_q116-1;g-rel;0;True;True;r;0.23491719712180753;155.39097334372624;0.0;0.9760558672231388;23989.69108709699
A11;g-rel_q085-2;g-rel;0;False;False;i;0.2623400465723431;160.3194453641041;0.0;0.8616576479502827;16210.540590548222
A11;g-rel_q103-1;g-rel;0;False;False;i;0.2286704770887516;161.1243221819619;0.0;0.8690189857803919;9121.379406342392
A11;g-rel_q088-1;g-rel;0;False;False;t;0.26060868685707833;169.13233772622647;0.0;1.0;17685.48013142312
A11;g-rel_q122-2;g-rel;0;False;False;i;0.2413067714408737;173.33732888863992;0.0;0.7950354979627693;6689.519820088633
A11;g-rel_q075-1;g-rel;0;False;False;i;0.21761113954618838;168.21425257757002;0.0;0.7013523317209095;6343.20603455599
A11;g-rel_q094-2;g-rel;0;False;False;t;0.2710167661823317;158.28001957813186;0.0;0.8751844359692318;17588.107248883898
A12;g-rel_q097-2;g-rel;0;False;False;t;0.2686424018361758;197.33813042747977;0.0;0.6480417628743638;5309.9937803926505
A12;g-rel_q085-2;g-rel;0;False;False;i;0.23310526783913155;186.1435028962342;0.0;0.6546511983784651;2062.1480392606923
A12;g-rel_q088-1;g-rel;0;False;False;t;0.29239512943930335;187.71236427118666;0.0;0.6916919710767802;3135.9670873805844
A12;g-rel_q075-1;g-rel;0;False;False;i;0.2577562677975486;200.34367910921628;0.0;0.5384833640590365;2545.5190484058467
A12;g-rel_q118-1;g-rel;0;True;True;r;0.23910135429764515;210.14286167209687;0.0;0.5204819545084631;1520.1396648729517
A12;g-rel_q103-1;g-rel;0;False;False;i;0.2864973613198442;182.19463368890274;0.0;0.4755067132336553;1666.635480878845
A12;g-rel_q076-1;g-rel;0;True;True;r;0.3069075293826792;187.8188785232899;0.0;0.8304492965592943;3676.6442817138677
A12;g-rel_q122-2;g-rel;0;False;False;i;0.2469806028377382;215.76678268136115;0.0;0.42427722657567046;2795.0869733502595
A12;g-rel_q134-3;g-rel;0;False;True;t;0.2766888461331111;177.6664997025621;0.0;0.7909050357112831;10448.951745692724
A12;g-rel_q128-1;g-rel;0;True;True;r;0.2446375702453671;157.62187576579416;0.0;1.0;5007.271044140252
A12;g-rel_q116-1;g-rel;0;True;True;r;0.27113854556913786;195.82561686725984;0.0;0.559076692734546;1872.6914456452937
A12;g-rel_q094-2;g-rel;0;False;False;t;0.28784623634260786;183.65025375832758;0.0;0.6899190146724091;7338.604263096149
A13;g-rel_q118-1;g-rel;0;True;True;r;0.28359635536588423;170.48290695083455;0.0;0.7643055388336688;8267.306800725384
A13;g-rel_q134-3;g-rel;0;False;True;t;0.28305698009363134;157.92471342361375;0.0;0.9428726573928314;20610.811706443565
A13;g-rel_q094-2;g-rel;0;False;False;t;0.29322820742219;157.82121260364715;0.0;1.0;21977.56391397887
A13;g-rel_q128-1;g-rel;0;True;True;r;0.2393138493285499;184.19243329552535;0.0;1.0;7695.848344413271
A13;g-rel_q122-2;g-rel;0;False;False;i;0.25279886279923475;186.24459743078688;0.0;0.7101163946116922;4408.708238789724
A13;g-rel_q103-1;g-rel;0;False;False;i;0.22347180438142242;184.66960569316132;0.0;0.7142631256655924;8109.083198854635
A13;g-rel_q116-1;g-rel;0;True;True;r;0.294659587565965;165.35012074494577;0.0;0.808569385535023;6734.122544942446
A13;g-rel_q088-1;g-rel;0;False;False;t;0.26523365844417907;158.89230814372988;0.0;1.0;18948.19107886341
A13;g-rel_q076-1;g-rel;0;True;True;r;0.27276343011380444;178.47076421255974;0.0;0.7766775315745228;5496.368126484659
A13;g-rel_q085-2;g-rel;0;False;False;i;0.2920528335404979;176.33310794522316;0.0;0.6468268156449617;11290.649232184447
A13;g-rel_q097-2;g-rel;0;False;False;t;0.263229941205022;180.27765040636132;0.0;0.8077759176305289;11252.174861237912
A13;g-rel_q075-1;g-rel;0;False;False;i;0.27712969357359735;166.27277666531913;0.0;1.0;21314.05531069899
B01;g-rel_q134-3;g-rel;0;False;False;t;0.3138837621757309;160.76976561626475;0.0;1.0;22097.097241382005
B01;g-rel_q094-2;g-rel;0;False;False;t;0.3515350469648896;159.18446748252293;0.0;1.0;19660.20226535772
B01;g-rel_q103-1;g-rel;0;False;False;i;0.24632340166527453;177.30419609066368;0.0;0.9229131765040159;10513.415647493628
B01;g-rel_q116-1;g-rel;0;True;True;r;0.3227359557574128;161.69814480221075;0.0;1.0;27121.802683135375
B01;g-rel_q088-1;g-rel;0;False;False;t;0.28424317744820893;153.00493567549572;0.0;1.0;26291.88220173145
B01;g-rel_q085-2;g-rel;0;False;False;i;0.25152989038287094;160.5455439661113;0.0;0.8230014020471451;8260.789000973493
B01;g-rel_q097-2;g-rel;0;False;False;t;0.3058861792311017;153.31668893505568;0.0;0.9483879423202314;20529.1453265512
B01;g-rel_q076-1;g-rel;0;True;True;r;0.2833791337247143;152.59697487687953;0.0;1.0;15395.72995411757
B01;g-rel_q118-1;g-rel;0;True;True;r;0.2872868868841844;153.66383056635792;0.0;0.9169131738077351;23259.541441206464
B01;g-rel_q075-1;g-rel;0;False;False;i;0.34708869941569265;158.2020540563005;0.0;0.8966743723334639;21046.734633165717
B01;g-rel_q122-2;g-rel;0;False;False;i;0.2747513465252145;158.3331624715967;0.0;1.0;0.0
B01;g-rel_q128-1;g-rel;0;True;True;r;0.297908051905956;158.09448956810874;0.0;0.9506545868349504;21742.76770500531
B02;g-rel_q075-1;g-rel;0;False;False;i;0.24397090164795734;156.73288762233972;0.0;1.0;8973.913722289773
B02;g-rel_q128-1;g-rel;0;True;True;r;0.3142340931064779;208.6373800688908;0.0;0.5656453941748272;3524.010280691768
B02;g-rel_q076-1;g-rel;0;True;False;r;0.32498080266660795;177.02581431146214;0.0;0.8249901622483502;6577.645372244082
B02;g-rel_q134-3;g-rel;0;False;False;t;0.29475616684426;174.70000583626023;0.0;0.8541489408433782;8985.410997697376
B02;g-rel_q088-1;g-rel;0;False;True;t;0.32806489114269066;164.69329409083227;0.0;0.7567674672425873;7201.056536258757
B02;g-rel_q122-2;g-rel;0;False;False;i;0.3116411834845633;194.85962753805146;0.0;0.5361480416000113;5668.907631540318
B02;g-rel_q116-1;g-rel;0;True;False;r;0.3420799961040852;201.7445112744763;0.0;0.5641447707284304;5719.992029049675
B02;g-rel_q097-2;g-rel;0;False;True;t;0.3202008326337255;165.59551374565092;0.0;0.7694559290413249;12242.980116147635
B02;g-rel_q094-2;g-rel;0;False;True;t;0.2981544861552124;170.59172935486527;0.0;0.9307760666214163;12055.645238712854
B02;g-rel_q118-1;g-rel;0;True;True;r;0.30220415567281905;167.70124615744217;0.0;0.780179504273645;8958.279912676604
B02;g-rel_q103-1;g-rel;0;False;False;i;0.30534221385806465;179.1377982509807;0.0;0.6637848574692458;7336.955506791654
B02;g-rel_q085-2;g-rel;0;False;False;i;0.30860507882916455;190.73299123030938;0.0;0.6835794593891217;4480.084466774295
B03;g-rel_q103-1;g-rel;0;False;False;i;0.2674381503847412;192.23174950510054;0.0;0.5576857021387486;2810.727334348384
B03;g-rel_q085-2;g-rel;0;False;False;i;0.2801060087664023;213.55049023014632;0.0;0.58164079830588;5929.84237007705
B03;g-rel_q094-2;g-rel;0;False;True;t;0.25024729467210116;184.06505308168587;0.0;0.6238331640317694;3939.918272784228
B03;g-rel_q118-1;g-rel;0;True;True;r;0.28208007382120964;215.40956391560513;0.0;0.5313902207568841;3610.236690412911
B03;g-rel_q122-2;g-rel;0;False;False;i;0.27196015143853336;226.92492643052645;0.0;0.32395540803843786;2920.443259833324
B03;g-rel_q076-1;g-rel;0;True;True;r;0.2708908461745435;195.56659688723317;0.0;0.5771833428773894;7048.486974734595
B03;g-rel_q075-1;g-rel;0;False;False;i;0.26390821801853837;201.6376677069288;0.0;0.42134169289978357;6198.7127312874545
B03;g-rel_q134-3;g-rel;0;False;True;t;0.26051834117674066;179.3132854651672;0.0;0.8659099481616982;12185.505915045507
B03;g-rel_q128-1;g-rel;0;True;True;r;0.29055620914970354;213.79222944483163;0.0;0.5020999122646393;2714.200553890896
B03;g-rel_q097-2;g-rel;0;False;True;t;0.2983107689380412;190.34280575171312;0.0;0.5853666619944834;4751.027850707559
B03;g-rel_q116-1;g-rel;0;True;True;r;0.2704257285795498;194.66308326110112;0.0;0.7124620125952639;5894.097150757082
B03;g-rel_q088-1;g-rel;0;False;False;t;0.31054662002037764;178.6153032696238;0.0;0.6350055735830891;9153.5498478487
B04;g-rel_q094-2;g-rel;0;False;True;t;0.34318545386761057;171.77598615217917;0.0;0.8793545298581588;4825.287504562804
B04;g-rel_q118-1;g-rel;0;True;True;r;0.290157942540604;188.97651646571975;0.0;0.5981538670281944;5547.389628059663
B04;g-rel_q134-3;g-rel;0;False;False;t;0.34729507826831546;190.21628843411818;0.0;0.8493346766749384;3978.978205669135
B04;g-rel_q122-2;g-rel;0;False;False;i;0.28622035163139414;193.25077985912696;0.0;0.6484976572728911;3380.7768251748294
B04;g-rel_q128-1;g-rel;0;True;True;r;0.3518861910784477;191.0862474446023;0.0;0.3980661927358172;3062.563349477181
B04;g-rel_q085-2;g-rel;0;False;False;i;0.26399267101669693;203.31987578280203;0.0;0.5279254431719131;2511.6297953700996
B04;g-rel_q076-1;g-rel;0;True;True;r;0.2990951597891352;190.18190727062353;0.0;0.6542506974032816;4286.3052183864675
B04;g-rel_q075-1;g-rel;0;False;False;i;0.28409611595507867;215.2933352467074;0.0;0.23607447083778735;1368.3355043037668
B04;g-rel_q097-2;g-rel;0;False;False;t;0.3050218975486329;191.29542580701525;0.0;0.7615241380592223;10768.009108111546
B04;g-rel_q088-1;g-rel;0;False;False;t;0.31864097501201327;180.7094287811067;0.0;0.6754311648565262;2329.254730537766
B04;g-rel_q103-1;g-rel;0;False;False;i;0.273662564638041;183.99961262086742;0.0;0.5757067177063523;2649.508774596099
B04;g-rel_q116-1;g-rel;0;True;True;r;0.29611666130490266;177.33021215812883;0.0;1.0;10673.856378211332
B05;g-rel_q103-1;g-rel;0;False;False;i;0.29462886186828385;170.8997338509533;0.0;1.0;2666.4472932210556
B05;g-rel_q097-2;g-rel;0;False;False;t;0.3445214593025413;170.28027491444493;0.0;0.8506973897358199;15487.134398077134
B05;g-rel_q085-2;g-rel;0;False;False;i;0.31821524277330426;170.51303179468576;0.0;0.8377727163285764;11600.814359222624
B05;g-rel_q122-2;g-rel;0;False;False;i;0.2717139999353336;165.79130466686954;0.0;0.906154593722635;5694.81868785219
B05;g-rel_q118-1;g-rel;0;True;True;r;0.2980216769454736;169.5565761070019;0.0;0.9719325448676467;16960.98545897024
B05;g-rel_q116-1;g-rel;0;True;True;r;0.33021421870642165;175.35549918239428;0.0;0.8792900110052034;11171.061838624515
B05;g-rel_q094-2;g-rel;0;False;False;t;0.3394921195601096;177.08657457225152;0.0;0.6708157266291003;9263.383499109486
B05;g-rel_q076-1;g-rel;0;True;True;r;0.32560174528740216;176.81179748975916;0.0;0.834958656881795;14473.355378386317
B05;g-rel_q088-1;g-rel;0;False;False;t;0.3385201899216525;167.3170293928729;0.0;0.9098309045391769;19525.56287707574
B05;g-rel_q128-1;g-rel;0;True;True;r;0.31164803240714223;171.50206645653384;0.0;0.8220560117260878;7686.088778981544
B05;g-rel_q134-3;g-rel;0;False;False;t;0.28282291994708275;173.98002897838597;0.0;0.8231191656848069;12967.41689274853
B05;g-rel_q075-1;g-rel;0;False;False;i;0.276925872472722;159.32010789082213;0.0;1.0;6219.460609536773
B06;g-rel_q134-3;g-rel;0;False;False;t;0.3570537304163274;172.81107622467135;0.0;0.8269513117370739;8500.387673686719
B06;g-rel_q128-1;g-rel;0;True;True;r;0.37081768983087005;217.43186468394737;0.0;1.0;3776.8127958656883
B06;g-rel_q088-1;g-rel;0;False;False;t;0.3163335903855711;232.28087354676228;0.0;0.5226898145836426;2518.8914439191635
B06;g-rel_q103-1;g-rel;0;False;False;i;0.33970338989557636;193.93377863518833;0.0;0.5539378106607953;3829.179434398559
B06;g-rel_q116-1;g-rel;0;True;True;r;0.32708055933645236;174.20663693190428;0.0;0.736428322963782;7932.318049382939
B06;g-rel_q097-2;g-rel;0;False;False;t;0.31344252561690406;201.73504693124414;0.0;0.4774904411522016;2938.6532654870343
B06;g-rel_q118-1;g-rel;0;True;True;r;0.37197148639432165;168.47805938551977;0.0;0.9255114383024796;14499.744581434976
B06;g-rel_q076-1;g-rel;0;True;True;r;0.2988656128010817;196.49015002823612;0.0;0.7828085345435094;7868.8236645544
B06;g-rel_q075-1;g-rel;0;False;True;i;0.29570799426611477;206.73262074718363;0.0;0.5993886848431573;4749.508850595105
B06;g-rel_q122-2;g-rel;0;False;False;i;0.3267379150846354;210.54674106263434;0.0;0.4797608443266138;2877.656532602628
B06;g-rel_q094-2;g-rel;0;False;True;t;0.40817311536745493;168.59447031348284;0.0;0.9234075614746541;9389.618756344124
B06;g-rel_q085-2;g-rel;0;False;False;i;0.31870132067555107;184.23074931446058;0.0;0.9166721652816971;10139.507212185772
B07;g-rel_q075-1;g-rel;0;False;False;i;0.33079109297148906;206.08767861463718;0.0;0.8395207192911406;14432.454497908599
B07;g-rel_q085-2;g-rel;0;False;False;i;0.2553415767602868;213.2794374694311;0.0;0.0;0.0
B07;g-rel_q088-1;g-rel;0;False;False;t;0.3456898495610638;168.06766455283963;0.0;0.8602524068553059;11946.779681188282
B07;g-rel_q128-1;g-rel;0;True;True;r;0.3182704805675846;207.20278320434613;0.0;0.7979782053512559;3228.5226024227622
B07;g-rel_q094-2;g-rel;0;False;False;t;0.38681660012224994;180.49672726869233;0.0;0.9493568765705791;13675.921239933143
B07;g-rel_q134-3;g-rel;0;False;True;t;0.310872814908798;186.06279962058932;0.0;0.7135960738653258;5848.870507019815
B07;g-rel_q103-1;g-rel;0;False;False;i;0.31231608205387973;193.31174622485267;0.0;0.46820452460271456;2764.281121966551
B07;g-rel_q097-2;g-rel;0;False;False;t;0.40399595521392906;173.3299232741674;0.0;0.780193803772829;4758.794564657621
B07;g-rel_q118-1;g-rel;0;True;True;r;0.32702128901041233;206.3224054565627;0.0;0.7257111335948148;4493.102485740515
B07;g-rel_q076-1;g-rel;0;True;True;r;0.37100281364277937;185.46793203326254;0.0;0.8393790577743351;12125.359780776935
B07;g-rel_q122-2;g-rel;0;False;False;i;0.30506560098768637;203.66497020088372;0.0;0.700302109972225;1715.2907664802967
B07;g-rel_q116-1;g-rel;0;True;True;r;0.40501688529910423;175.6157176338723;0.0;0.8294969116828953;9357.675149123754
B08;g-rel_q134-3;g-rel;0;False;False;t;0.2668572741649306;168.21467322365484;0.0;0.8682324760448854;8060.946067903679
B08;g-rel_q085-2;g-rel;0;False;False;i;0.2944874018207407;176.9093970857536;0.0;0.8347603415621834;2150.353508720124
B08;g-rel_q122-2;g-rel;0;False;False;i;0.29221038902063234;181.16074790155258;0.0;1.0;2922.8114549717607
B08;g-rel_q088-1;g-rel;0;False;False;t;0.28107752038328127;175.8410985814988;0.0;0.7479200945518016;3844.578582427607
B08;g-rel_q116-1;g-rel;0;True;True;r;0.2910394351016175;158.58105590388442;0.0;1.0;8993.176540360475
B08;g-rel_q118-1;g-rel;0;True;True;r;0.27658141928517016;169.89122635251533;0.0;1.0;14363.466822534912
B08;g-rel_q094-2;g-rel;0;False;True;t;0.35114929196024686;167.42834488015893;0.0;1.0;15451.618969380752
B08;g-rel_q075-1;g-rel;0;False;False;i;0.2837854727410495;182.07916119886622;0.0;0.43914559474102394;2394.2598065121
B08;g-rel_q097-2;g-rel;0;False;False;t;0.2908295292489368;180.37483221829484;0.0;0.5299459962885502;6642.087729113019
B08;g-rel_q103-1;g-rel;0;False;False;i;0.30123479261883507;170.87363510452118;0.0;0.8326711374986202;3468.198617354694
B08;g-rel_q128-1;g-rel;0;True;True;r;0.28424717474273004;181.38630607717735;0.0;0.7009363831920151;5534.384609351135
B08;g-rel_q076-1;g-rel;0;True;True;r;0.2738806004075251;175.4862664470817;0.0;0.7128298132751386;4295.235819395538
B09;g-rel_q118-1;g-rel;0;True;True;r;0.36291539576427867;168.0857463613659;0.0;0.8411575401563057;6876.282506150993
B09;g-rel_q122-2;g-rel;0;False;False;i;0.4053450591883929;166.4925454571793;0.0;0.9119035171717016;11659.692118741395
B09;g-rel_q103-1;g-rel;0;False;False;i;0.3350881981160857;189.91428931023077;0.0;0.6177295685404259;5889.651225381126
B09;g-rel_q134-3;g-rel;0;False;False;t;0.4065437811901954;170.10699350290912;0.0;0.9389305951899625;9321.085248655974
B09;g-rel_q085-2;g-rel;0;False;False;i;0.40178097012353775;180.68874600382506;0.0;0.8939191818777458;7360.5861890284605
B09;g-rel_q094-2;g-rel;0;False;False;t;0.44074100685958195;164.71291792508157;0.0;0.948721092447832;15143.973818492235
B09;g-rel_q097-2;g-rel;0;False;True;t;0.42821285543957216;141.94260939408247;0.0;0.9597763619588925;19175.78582538765
B09;g-rel_q116-1;g-rel;0;True;True;r;0.3764339650650144;164.30493480637455;0.0;0.9688111190427423;15648.890477227405
B09;g-rel_q128-1;g-rel;0;True;True;r;0.34323775111600713;166.35679685486585;0.0;0.9078056862807312;9833.386529926065
B09;g-rel_q076-1;g-rel;0;True;True;r;0.36275857002005973;164.84887692723166;0.0;0.9193664906834168;16087.460941503892
B09;g-rel_q075-1;g-rel;0;False;False;i;0.4351470748902151;173.25133488639648;0.0;1.0;19972.331096690887
B09;g-rel_q088-1;g-rel;0;False;True;t;0.39987723944172876;165.79470790456307;0.0;0.931218113501165;13616.001746909102
B10;g-rel_q076-1;g-rel;0;True;False;r;0.4357415279983577;152.08609538116306;0.0;1.0;16863.508631531546
B10;g-rel_q134-3;g-rel;0;False;False;t;0.28704422437204136;163.52729831514375;0.0;0.8854017109070429;9081.600974104693
B10;g-rel_q094-2;g-rel;0;False;False;t;0.29298807502010943;164.5062171349547;0.0;0.8958239724326938;12878.87487415128
B10;g-rel_q088-1;g-rel;0;False;False;t;0.36598750207585856;151.0977923397625;0.0;1.0;20506.49181021766
B10;g-rel_q075-1;g-rel;0;False;False;i;0.3619838295300062;149.40948833431457;0.0;0.9560643124468449;23858.992303587765
B10;g-rel_q122-2;g-rel;0;False;False;i;0.3285175564765265;157.3374312019948;0.0;1.0;16789.712030154627
B10;g-rel_q103-1;g-rel;0;False;False;i;0.2873169497332789;160.58912412488112;0.0;0.8027585595282261;3349.587796582246
B10;g-rel_q118-1;g-rel;0;True;True;r;0.29248249522992287;166.59026428995318;0.0;0.9545430151374036;15219.13965278633
B10;g-rel_q128-1;g-rel;0;True;True;r;0.334261755266844;158.46716950267125;0.0;0.9346242485816045;11330.151772829397
B10;g-rel_q097-2;g-rel;0;False;False;t;0.30364540808959506;153.27615180200218;0.0;1.0;9167.854046905199
B10;g-rel_q085-2;g-rel;0;False;False;i;0.24000372942603498;173.11666278662744;0.0;1.0;3822.5563052853913
B10;g-rel_q116-1;g-rel;0;True;True;r;0.2983630975759467;162.57632161939097;0.0;1.0;9864.32448320812
B11;g-rel_q075-1;g-rel;0;False;False;i;0.3544226104470969;169.9843312713158;0.0;0.8716574529126556;14619.1071913348
B11;g-rel_q128-1;g-rel;0;True;True;r;0.32381669538525776;161.1566271259201;0.0;1.0;11587.704182699972
B11;g-rel_q076-1;g-rel;0;True;True;r;0.26723570341452035;172.81017443843737;0.0;0.7341637626072364;3666.6451294647027
B11;g-rel_q134-3;g-rel;0;False;True;t;0.33968332251159467;153.45990213617938;0.0;0.8984784062654185;10313.214863012232
B11;g-rel_q088-1;g-rel;0;False;False;t;0.34128154530101956;163.8292619386773;0.0;1.0;18831.162229082824
B11;g-rel_q122-2;g-rel;0;False;False;i;0.32569668218986647;152.04493602791646;0.0;0.9584985089190068;28720.06760891457
B11;g-rel_q097-2;g-rel;0;False;False;t;0.3428652056662791;147.40834690433036;0.0;1.0;25768.6642881713
B11;g-rel_q103-1;g-rel;0;False;False;i;0.34686225810919513;173.18950840747348;0.0;1.0;10886.242196984349
B11;g-rel_q116-1;g-rel;0;True;False;r;0.29316419317744913;147.94619591977101;0.0;0.9350048354574454;13288.118149043374
B11;g-rel_q118-1;g-rel;0;True;True;r;0.32370518043458757;161.30290388053197;0.0;1.0;0.0
B11;g-rel_q094-2;g-rel;0;False;True;t;0.33275064380029024;151.58230900489752;0.0;1.0;0.0
B11;g-rel_q085-2;g-rel;0;False;False;i;0.2783480489319139;147.9632419641299;0.0;0.8849953152060028;3125.509494293268
B12;g-rel_q097-2;g-rel;0;False;False;t;0.3095248470369577;156.93183860420055;0.0;1.0;16462.76468932903
B12;g-rel_q116-1;g-rel;0;True;True;r;0.2922156260545023;172.92785139386567;0.0;0.9049135700455685;12956.195295032274
B12;g-rel_q128-1;g-rel;0;True;True;r;0.3296889085820652;190.05547673538808;0.0;0.9019797085675123;7600.203687888827
B12;g-rel_q118-1;g-rel;0;True;True;r;0.28989605631294263;160.62220102771045;0.0;1.0;17468.19404053419
B12;g-rel_q094-2;g-rel;0;False;False;t;0.27063411635850065;172.88118650049282;0.0;1.0;7493.842580189521
B12;g-rel_q075-1;g-rel;0;False;False;i;0.23597547864111007;123.85390602534189;0.0;1.0;5415.315105911028
B12;g-rel_q085-2;g-rel;0;False;False;i;0.24934970904720255;169.88820756704104;0.0;0.8706679113319158;14068.95079465561
B12;g-rel_q076-1;g-rel;0;True;False;r;0.2962772083441582;163.60010796660146;0.0;1.0;13086.43824501982
B12;g-rel_q103-1;g-rel;0;False;False;i;0.2668189703787582;177.93118439622347;0.0;0.93436709573359;8479.822397648153
B12;g-rel_q122-2;g-rel;0;False;False;i;0.24090334837797214;177.04298719183834;0.0;0.8029638586302694;6105.456074052804
B12;g-rel_q134-3;g-rel;0;False;False;t;0.30442078428533387;168.7884605394845;0.0;0.9135346716632494;13634.800831872748
B12;g-rel_q088-1;g-rel;0;False;False;t;0.2689841521219415;183.54797180175672;0.0;0.7343789086545298;6493.919726597944
B13;g-rel_q103-1;g-rel;0;False;False;i;0.2568737899170261;149.70590469120305;0.0;1.0;8919.828488650164
B13;g-rel_q116-1;g-rel;0;True;True;r;0.2964382353317448;160.36461779660306;0.0;0.8750155747633315;6542.370545904084
B13;g-rel_q088-1;g-rel;0;False;False;t;0.2860697556399503;168.25327739890213;0.0;0.867350214401997;6089.84322235546
B13;g-rel_q118-1;g-rel;0;True;True;r;0.2971626613498693;145.8419659375931;0.0;1.0;12752.640396340292
B13;g-rel_q122-2;g-rel;0;False;False;i;0.26326101539722346;171.04344074392327;0.0;0.8924360252117369;8686.747192342313
B13;g-rel_q097-2;g-rel;0;False;False;t;0.28733080204813544;161.67949825976217;0.0;0.9642469979494258;8285.41758439149
B13;g-rel_q094-2;g-rel;0;False;True;t;0.3488164868241653;150.45200897572775;0.0;0.947058764264147;18222.20891270492
B13;g-rel_q085-2;g-rel;0;False;False;i;0.2831762655136142;176.8211413340193;0.0;0.8342979550457187;2974.898935611719
B13;g-rel_q076-1;g-rel;0;True;True;r;0.31645735591953383;160.2316013432309;0.0;0.9346741101561218;1309.152090326681
B13;g-rel_q075-1;g-rel;0;False;False;i;0.30395052198404493;172.48688077291484;0.0;1.0;16827.41798213456
B13;g-rel_q134-3;g-rel;0;False;False;t;0.3555643704018077;153.27006195762075;0.0;0.946302601559347;14618.974834639905
B13;g-rel_q128-1;g-rel;0;True;True;r;0.31831060395156846;184.18916076590799;0.0;0.7760627024933675;2691.7077534480445
